sample	chr	pos	ref	alt	Consequence	gene	protein	aa
SC2207	MN908947.3	241	C	T	upstream_gene_variant	orf1ab		NA
SC2207	MN908947.3	1947	T	C	missense_variant	orf1ab	V561A	orf1ab-V561A
SC2207	MN908947.3	3037	C	T	synonymous_variant	orf1ab	F924F	orf1ab-F924F
SC2207	MN908947.3	3431	G	T	missense_variant	orf1ab	V1056L	orf1ab-V1056L
SC2207	MN908947.3	5653	T	C	synonymous_variant	orf1ab	Y1796Y	orf1ab-Y1796Y
SC2207	MN908947.3	7038	G	A	missense_variant	orf1ab	G2258D	orf1ab-G2258D
SC2207	MN908947.3	10770	A	G	missense_variant	orf1ab	Y3502C	orf1ab-Y3502C
SC2207	MN908947.3	14408	C	T	missense_variant	orf1ab	P4715L	orf1ab-P4715L
SC2207	MN908947.3	17058	G	T	missense_variant	orf1ab	M5598I	orf1ab-M5598I
SC2207	MN908947.3	17331	G	T	missense_variant	orf1ab	E5689D	orf1ab-E5689D
SC2207	MN908947.3	18877	C	T	synonymous_variant	orf1ab	L6205L	orf1ab-L6205L
SC2207	MN908947.3	21614	C	T	missense_variant	S	L18F	S-L18F
SC2207	MN908947.3	22444	C	T	synonymous_variant	S	D294D	S-D294D
SC2207	MN908947.3	22484	G	T	missense_variant	S	V308L	S-V308L
SC2207	MN908947.3	23403	A	G	missense_variant	S	D614G	S-D614G
SC2207	MN908947.3	25563	G	T	missense_variant	ORF3a	Q57H	ORF3a-Q57H
SC2207	MN908947.3	26589	G	T	missense_variant	M	V23L	M-V23L
SC2207	MN908947.3	26735	C	T	synonymous_variant	M	Y71Y	M-Y71Y
SC2207	MN908947.3	26840	G	A	synonymous_variant	M	T106T	M-T106T
SC2207	MN908947.3	28139	C	T	synonymous_variant	ORF8	S82S	ORF8-S82S
SC2207	MN908947.3	28854	C	T	missense_variant	N	S194L	N-S194L
