isolate	pango_lineage	pangolin_conflict	pangolin_ambiguity_score	pangolin_note	scorpio_call	scorpio_support	scorpio_conflict	pangolin_qc	pangolin_qc_note	nextstrain_clade	nextclade_qc	nextclade_errors	totalSubstitutions	totalDeletions	totalInsertions	totalMissing	totalNonACGTNs	totalPcrPrimerChanges	substitutions	deletions	insertions	missing	nonACGTNs	pcrPrimerChanges	aaSubstitutions	totalAminoacidSubstitutions	aaDeletions	totalAminoacidDeletions	alignmentStart	alignmentEnd	alignmentScore	version	pangolin_version	scorpio_version	constellation_version	nextclade_version
Consensus_Plate3BLANK1.consensus_threshold_0.75_quality_20	Unassigned							fail	failed to map			Unable to align: no seed matches. Details: number of seed matches: 0																				PUSHER-v1.16	4.1.3	0.3.17	v0.1.10	nextclade 2.8.0
Consensus_Plate3BLANK2.consensus_threshold_0.75_quality_20	Unassigned							fail	Ambiguous_content:0.98	19A	bad		0.0	0.0	0.0	29197.0	0.0	0.0				1-1595,1943-5229,5260-14895,15225-29903				0.0		0.0	0.0	29903.0	89709.0	PUSHER-v1.16	4.1.3	0.3.17	v0.1.10	nextclade 2.8.0
Consensus_Plate3BLANK3.consensus_threshold_0.75_quality_20	Unassigned							fail	failed to map			Unable to align: low seed matching rate. Details: number of seeds: 299, number of seed matches: 25, matching rate: 0.084, required matching rate: 0.300																				PUSHER-v1.16	4.1.3	0.3.17	v0.1.10	nextclade 2.8.0
Consensus_Plate4BLANK1.consensus_threshold_0.75_quality_20	Unassigned							fail	Ambiguous_content:0.89	20C	bad		4.0	0.0	0.0	26569.0	1.0	1.0	G25563T,A28272G,G28975T,G29474T			1-54,76-965,1194-1264,1313-1867,1897-5229,5260-11145,11251-11669,11696-11698,11807-13134,13259-13306,13344-13733,13753-14675,14795-15960,16078-16584,16668-17512,17636-18099,18218-18275,18325-18618,18651-18729,18846-18918,18958-22542,22878-24827,24947-25422,25647-26219,26567-28104,28443-28784,29015-29351,29522-29903	R:1154	ChinaCDC_N_R:G28975T	N:M234I,N:D401Y,ORF3a:Q57H	3.0		0.0	0.0	29903.0	89693.0	PUSHER-v1.16	4.1.3	0.3.17	v0.1.10	nextclade 2.8.0
Consensus_Plate4BLANK2.consensus_threshold_0.75_quality_20	Unassigned							fail	Ambiguous_content:0.71	20D	bad		10.0	0.0	0.0	21236.0	2.0	3.0	C12534T,C14790T,G21853A,A23403G,A23484G,C28846T,G28881A,G28882A,G28883C,G28908T			1-342,723-781,787-807,850-965,1005-1086,1194-1264,1313-1867,1897-2030,2066-2882,2906-3166,3184-4174,4293-4322,4403-5227,5260-5287,5315-5393,5621-6495,6527-7388,7390-7439,7614-7620,7649-7968,8197-8248,8320-8953,8955-8991,9185-11147,11219-11331,11373-11443,11556-11584,11669-11889,11928-12009,12115-12439,12669-12732,12780-13029,13379-13621,14170-14227,14272-14675,14797-14895,14899-14996,15117-15193,15225-15309,15422-15503,16187-16444,16486-16582,16664-16770,16805-17406,17739-17993,18055-18099,18218-18275,18325-18423,18504-18618,18958-20813,21171-21206,21428-21787,22014-22095,22213-23144,23501-23812,24146-24827,24947-25301,25647-28254,28443-28699,29009-29316,29555-29616,29666-29903	S:1868,K:20988	ChinaCDC_N_F:G28881A;G28882A;G28883C	N:R203K,N:G204R,N:G212V,ORF1a:T4090I,S:D614G,S:N641S	6.0		0.0	0.0	29903.0	89669.0	PUSHER-v1.16	4.1.3	0.3.17	v0.1.10	nextclade 2.8.0
Consensus_Plate4BLANK3.consensus_threshold_0.75_quality_20	Unassigned							fail	Ambiguous_content:0.73	20C	bad		3.0	0.0	0.0	21735.0	1.0	0.0	G17331T,C26735T,C28854T			1-54,76-477,570-664,705-778,821-823,867-965,1005-1088,1110-1119,1194-2975,2995-3037,3048-3166,3184-4077,4143-4174,4305-5228,5260-5287,5509-5557,5621-6197,6248-6298,6418-6436,6470-6495,6527-7058,7093-7222,7246-7332,7390-7443,7556-8091,8195-8275,8320-8991,9138-9919,10036-10099,10147-10210,10328-10384,10438-10513,10613-12133,12160-12311,12327-12439,12466-12558,12574-13029,13379-13468,13485-13491,13507-13621,14272-14675,14797-14865,14930-14996,15117-15193,15250-15309,15422-15503,15737-15830,15908-15958,16187-16260,16369-16444,16486-16770,16805-16902,16999-17087,17739-18141,18195-18275,18350-18423,18504-18618,18651-18729,18846-18918,18958-21206,21327-21386,21428-22542,22878-23144,23374-23432,23501-23812,23835-23918,24041-24100,24146-24416,24444-24538,24641-24721,24766-25301,25348-25423,25531-26108,26140-26219,26291-26340,26449-26467,26568-26663,26771-27164,27253-27282,27394-27405,27512-28236,28443-28813,28929-29325,29357-29375,29380-29442,29666-29903	Y:7482		N:S194L,ORF1b:E1288D	2.0		0.0	0.0	29903.0	89697.0	PUSHER-v1.16	4.1.3	0.3.17	v0.1.10	nextclade 2.8.0
Consensus_Plate4BLANK4.consensus_threshold_0.75_quality_20	Unassigned							fail	Ambiguous_content:0.73	20C	bad		6.0	0.0	0.0	21896.0	0.0	0.0	C18877T,A23403G,G25563T,C26735T,C28139T,C28854T			1-34,76-342,583-664,705-965,1005-1086,1194-1264,1313-1401,1494-3166,3184-3283,3292-4077,4403-5111,5155-5229,5260-6622,6716-6745,6847-7332,7390-7443,7556-7564,7672-8913,8979-9020,9246-10099,10438-11143,11373-11698,11807-11889,11928-12006,12115-12133,12235-12240,12362-12439,12466-13135,13258-13306,13344-13625,14170-14240,14272-14675,14797-15503,15732-15745,16187-17204,17316-17406,17431-18014,18037-18099,18218-18275,18325-18618,18958-19688,19799-21104,21147-21787,21910-22542,22878-23191,23404-23440,23501-24721,25053-25301,25647-26219,26567-26663,26771-27282,27392-27808,27869-27922,28035-28104,28254,28443-28813,28927-29337,29557-29903			N:S194L,ORF3a:Q57H	2.0		0.0	0.0	29903.0	89685.0	PUSHER-v1.16	4.1.3	0.3.17	v0.1.10	nextclade 2.8.0
Consensus_SC2184.consensus_threshold_0.75_quality_20	AL.1	0.0		Usher placements: AL.1(1/1)				pass	Ambiguous_content:0.03	20B	mediocre		17.0	2.0	0.0	653.0	2.0	3.0	C3037T,A3327G,G3716A,C8655T,C11109T,C13774T,C14408T,A15248G,T20600C,A21625G,A23403G,A25505C,G25855T,G28857T,G28881A,G28882A,G28883C	323,29581		1-27,77-319,9273-9502,10956-10982,22905-22961,24343-24344,29837-29903	Y:3130,W:22904	ChinaCDC_N_F:G28881A;G28882A;G28883C	N:R195I,N:R203K,N:G204R,ORF1b:P103S,ORF1b:P314L,ORF1b:K594R,ORF1b:I2378T,ORF3a:Q38P,ORF3a:D155Y,S:D614G	10.0	ORF1a:V20-	1.0	0.0	29903.0	89622.0	PUSHER-v1.16	4.1.3	0.3.17	v0.1.10	nextclade 2.8.0
Consensus_SC2185.consensus_threshold_0.75_quality_20	B.1.438.1	0.0		Usher placements: B.1.438.1(1/1)				pass	Ambiguous_content:0.02	20C	good		15.0	0.0	0.0	72.0	1.0	1.0	C241T,A1154G,C3037T,C8152T,C10702T,A12121G,C14408T,C18877T,A23403G,G23587T,G25563T,G25677T,A28272G,G28975T,G29474T			1-4,323,29837-29903	Y:3589	ChinaCDC_N_R:G28975T	N:M234I,N:D401Y,ORF1a:M297V,ORF1b:P314L,ORF3a:Q57H,ORF3a:L95F,S:D614G,S:Q675H	8.0		0.0	0.0	29903.0	89649.0	PUSHER-v1.16	4.1.3	0.3.17	v0.1.10	nextclade 2.8.0
Consensus_SC2186.consensus_threshold_0.75_quality_20	B.1.2	0.0		Usher placements: B.1.2(1/1)				pass	Ambiguous_content:0.02	20G	mediocre		23.0	0.0	0.0	315.0	1.0	0.0	C241T,C1059T,C3037T,G8083A,C10319T,C12525T,C14408T,C14805T,C17125T,C18060T,A18424G,C19220T,C20307A,C21304T,C21707T,A23403G,C23533G,G25563T,G25907T,C27964T,C28472T,C28869T,G29402T			1-15,323,19299-19396,19437-19570,29837-29903	Y:28961		N:P67S,N:P199L,N:D377Y,ORF1a:T265I,ORF1a:M2606I,ORF1a:L3352F,ORF1a:T4087I,ORF1b:P314L,ORF1b:L1220F,ORF1b:N1653D,ORF1b:A1918V,ORF1b:R2613C,ORF3a:Q57H,ORF3a:G172V,ORF8:S24L,S:H49Y,S:D614G,S:N657K	18.0		0.0	0.0	29903.0	89617.0	PUSHER-v1.16	4.1.3	0.3.17	v0.1.10	nextclade 2.8.0
Consensus_SC2187.consensus_threshold_0.75_quality_20	B.1.36.18	0.0		Usher placements: B.1.36.18(1/1)				pass	Ambiguous_content:0.02	20C	good		23.0	0.0	0.0	95.0	0.0	2.0	C241T,T1947C,C3037T,A6731G,G8027T,C12781T,C14408T,G15438T,C17977T,C18877T,C18981T,G21785C,C21928T,C22444T,A23403G,T24060C,C25207T,G25563T,C26735T,G27670T,C28093T,C28854T,C29555T			1-27,323,29837-29903		Charité_RdRp_F:G15438T,Pasteur_IP2_R:C12781T	N:S194L,ORF1a:V561A,ORF1a:I2156V,ORF1a:V2588F,ORF1b:P314L,ORF1b:M657I,ORF1b:L1504F,ORF3a:Q57H,ORF7a:V93F,ORF8:S67F,S:G75R,S:D614G,S:F833S	13.0		0.0	0.0	29903.0	89617.0	PUSHER-v1.16	4.1.3	0.3.17	v0.1.10	nextclade 2.8.0
Consensus_SC2188.consensus_threshold_0.75_quality_20	B.1.36.18	0.0		Usher placements: B.1.36.18(1/1)				pass	Ambiguous_content:0.02	20C	good		21.0	0.0	0.0	316.0	0.0	2.0	T1947C,C3037T,A6731G,G8027T,C12781T,C14408T,G15438T,C17977T,C18877T,C18981T,G21785C,C21928T,C22444T,A23403G,C25207T,G25563T,C26735T,G27670T,C28093T,C28854T,C29555T			1-8,80-319,323,29837-29903		Charité_RdRp_F:G15438T,Pasteur_IP2_R:C12781T	N:S194L,ORF1a:V561A,ORF1a:I2156V,ORF1a:V2588F,ORF1b:P314L,ORF1b:M657I,ORF1b:L1504F,ORF3a:Q57H,ORF7a:V93F,ORF8:S67F,S:G75R,S:D614G	12.0		0.0	0.0	29903.0	89625.0	PUSHER-v1.16	4.1.3	0.3.17	v0.1.10	nextclade 2.8.0
Consensus_SC2189.consensus_threshold_0.75_quality_20	B.1.36.18	0.0		Usher placements: B.1.36.18(1/1)				pass	Ambiguous_content:0.02	20C	good		25.0	0.0	0.0	68.0	0.0	1.0	C241T,C823T,T1947C,C3037T,G6220A,A6731G,G8027T,C10189T,C14408T,G15438T,C17977T,C18877T,C18981T,T20037C,G21785C,C21928T,C22444T,A23403G,C25207T,G25563T,C26735T,T27699C,C28093T,C28854T,C29555T			1,29837-29903		Charité_RdRp_F:G15438T	N:S194L,ORF1a:V561A,ORF1a:I2156V,ORF1a:V2588F,ORF1b:P314L,ORF1b:M657I,ORF1b:L1504F,ORF3a:Q57H,ORF8:S67F,S:G75R,S:D614G	11.0		0.0	0.0	29903.0	89609.0	PUSHER-v1.16	4.1.3	0.3.17	v0.1.10	nextclade 2.8.0
Consensus_SC2190.consensus_threshold_0.75_quality_20	B.1.438.1	0.0		Usher placements: B.1.438.1(1/1)				pass	Ambiguous_content:0.03	20C	good		16.0	0.0	0.0	347.0	0.0	1.0	C241T,A1154G,C3037T,C8152T,C10702T,A12121G,C14408T,C18877T,C21637T,A23403G,G23587T,G25563T,G25677T,A28272G,G28975T,G29474T			1-26,323,9250-9502,29837-29903		ChinaCDC_N_R:G28975T	N:M234I,N:D401Y,ORF1a:M297V,ORF1b:P314L,ORF3a:Q57H,ORF3a:L95F,S:D614G,S:Q675H	8.0		0.0	0.0	29903.0	89645.0	PUSHER-v1.16	4.1.3	0.3.17	v0.1.10	nextclade 2.8.0
Consensus_SC2191.consensus_threshold_0.75_quality_20	B.1.564.1	0.0		Usher placements: B.1.564.1(1/1)				pass	Ambiguous_content:0.03	20C	mediocre		19.0	1.0	0.0	757.0	3.0	1.0	C1059T,C1528T,C3037T,C3773T,G6463C,T9148C,C9561T,C10615T,T14191C,C14408T,C16173T,C16260T,C17518T,C21789T,A23403G,A24253T,G25563T,C28821A,C29546T	323		1-29,79-319,9273-9502,22955-23144,29837-29903	Y:679,M:841,W:9272	Charité_N_R:C28821A	N:S183Y,ORF1b:P314L,ORF1b:L1351F,ORF3a:Q57H,S:T76I,S:D614G	6.0	ORF1a:V20-	1.0	0.0	29903.0	89623.0	PUSHER-v1.16	4.1.3	0.3.17	v0.1.10	nextclade 2.8.0
Consensus_SC2192.consensus_threshold_0.75_quality_20	B.1.36.18	0.0		Usher placements: B.1.36.18(1/1)				pass	Ambiguous_content:0.02	20C	good		25.0	0.0	0.0	67.0	0.0	1.0	C241T,T1947C,A2647G,C3037T,C6706T,A6731G,G8027T,C14408T,G15438T,C17977T,C18877T,C18981T,G21785C,C21928T,C22000T,C22444T,A23403G,C23758T,C25207T,G25563T,C26735T,C28093T,C28854T,G29234T,C29555T			29837-29903		Charité_RdRp_F:G15438T	N:S194L,N:G321C,ORF1a:V561A,ORF1a:I2156V,ORF1a:V2588F,ORF1b:P314L,ORF1b:M657I,ORF1b:L1504F,ORF3a:Q57H,ORF8:S67F,S:G75R,S:D614G	12.0		0.0	0.0	29903.0	89609.0	PUSHER-v1.16	4.1.3	0.3.17	v0.1.10	nextclade 2.8.0
Consensus_SC2193.consensus_threshold_0.75_quality_20	B.1.438.1	0.0		Usher placements: B.1.438.1(1/1)				pass	Ambiguous_content:0.02	20C	good		20.0	6.0	0.0	68.0	0.0	1.0	C241T,A1154G,G1210A,C3037T,C8152T,G8408A,A10187G,A12121G,C14408T,A15171G,T18691G,C18877T,A23403G,G23587T,T25520G,G25563T,G25677T,A28272G,G28975T,G29474T	28090-28095		1,29837-29903		ChinaCDC_N_R:G28975T	N:M234I,N:D401Y,ORF1a:M297V,ORF1a:M315I,ORF1a:V2715I,ORF1a:T3308A,ORF1b:P314L,ORF1b:S1742A,ORF3a:F43C,ORF3a:Q57H,ORF3a:L95F,ORF8:K68E,S:D614G,S:Q675H	14.0	ORF8:G66-,ORF8:S67-	2.0	0.0	29903.0	89603.0	PUSHER-v1.16	4.1.3	0.3.17	v0.1.10	nextclade 2.8.0
Consensus_SC2194.consensus_threshold_0.75_quality_20	B.1.36.18	0.0		Assigned from designation hash.				pass	Ambiguous_content:0.02	20C	good		23.0	0.0	0.0	67.0	0.0	1.0	C241T,T1947C,C3037T,A6731G,G6894T,G8027T,C14408T,G15438T,C17977T,C18877T,C18981T,G21785C,C21928T,C22444T,A23403G,C25207T,G25563T,C26735T,G27478T,C28087T,C28093T,C28854T,C29555T			29837-29903		Charité_RdRp_F:G15438T	N:S194L,ORF1a:V561A,ORF1a:I2156V,ORF1a:C2210F,ORF1a:V2588F,ORF1b:P314L,ORF1b:M657I,ORF1b:L1504F,ORF3a:Q57H,ORF7a:V29L,ORF8:A65V,ORF8:S67F,S:G75R,S:D614G	14.0		0.0	0.0	29903.0	89617.0	PANGO-v1.16	4.1.3	0.3.17	v0.1.10	nextclade 2.8.0
Consensus_SC2195.consensus_threshold_0.75_quality_20	B.1.1	0.0		Usher placements: B.1.1(1/1)				pass	Ambiguous_content:0.02	20B	good		22.0	0.0	0.0	69.0	1.0	3.0	C241T,C3037T,C7420T,C7869T,C10279T,C11249T,C14408T,G15773A,C17547T,C21658T,A22005C,T22020C,C22480T,A23403G,T26783A,C26801T,T27522C,G27708T,G28881A,G28882A,G28883C,C29592T			1,323,29837-29903	S:29732	ChinaCDC_N_F:G28881A;G28882A;G28883C	N:R203K,N:G204R,ORF1a:S2535L,ORF1a:R3662C,ORF1b:P314L,ORF1b:S769N,S:N148T,S:M153T,S:D614G	9.0		0.0	0.0	29903.0	89621.0	PUSHER-v1.16	4.1.3	0.3.17	v0.1.10	nextclade 2.8.0
Consensus_SC2196.consensus_threshold_0.75_quality_20	AM.4	0.0		Usher placements: AM.4(1/1)				pass	Ambiguous_content:0.02	20B	good		23.0	0.0	0.0	73.0	0.0	7.0	C241T,C643T,G2659T,C3037T,C3241T,C5284T,C5884T,C11967T,C12784T,T14171C,C14408T,A16482C,C21952T,A23403G,C23635T,C26060T,G26842A,C27434T,G28881A,G28882A,G28883C,G28884T,C29200T			1-5,323,29837-29903		ChinaCDC_N_F:G28881A;G28882A;G28883C;G28884T,USCDC_N2_P:C29200T,Pasteur_IP2_R:C12784T,Pasteur_IP4_R:T14171C	M:R107H,N:R203K,N:G204L,ORF1a:K798N,ORF1a:A3901V,ORF1b:I235T,ORF1b:P314L,ORF3a:T223I,ORF7a:T14I,S:D614G	10.0		0.0	0.0	29903.0	89617.0	PUSHER-v1.16	4.1.3	0.3.17	v0.1.10	nextclade 2.8.0
Consensus_SC2197.consensus_threshold_0.75_quality_20	B.1.564.1	0.0		Usher placements: B.1.564.1(1/1)				pass	Ambiguous_content:0.07	20C	bad		15.0	1.0	0.0	1996.0	21.0	1.0	C1059T,C3037T,C3773T,C6195T,G6320T,T10084C,T14191C,C14408T,C16173T,C16260T,A23403G,A24253T,G25563T,C26681T,C28821A	323		1-30,78-319,5323-5324,7290-7304,9422-9502,10858-10998,12330,15862-16144,17739-17993,18654-18656,20232-20407,20965,21134-21135,21428-21682,22879-23144,24412,26610-26611,26814,28955,29666-29903	M:3326,Y:3402,K:4283,K:5666,M:5671,Y:7518,Y:8480,K:12267,K:14488,K:15262,K:16549,Y:16625,Y:17083,Y:18303,R:20465,Y:21090,W:21137,K:23264,Y:25673,Y:26624,W:27379	Charité_N_R:C28821A	N:S183Y,ORF1b:P314L,ORF3a:Q57H,S:D614G	4.0	ORF1a:V20-	1.0	0.0	29903.0	89639.0	PUSHER-v1.16	4.1.3	0.3.17	v0.1.10	nextclade 2.8.0
Consensus_SC2198.consensus_threshold_0.75_quality_20	B.1.36	0.0		Usher placements: B.1.36(1/1)				pass	Ambiguous_content:0.02	20C	good		21.0	0.0	0.0	84.0	0.0	0.0	C241T,T1947C,C3037T,G3431T,T5653C,G7038A,A10770G,C14408T,G17058T,G17331T,C18877T,C21614T,C22444T,G22484T,A23403G,G25563T,G26589T,C26735T,G26840A,C28139T,C28854T			1-16,323,29837-29903			M:V23L,N:S194L,ORF1a:V561A,ORF1a:V1056L,ORF1a:G2258D,ORF1a:Y3502C,ORF1b:P314L,ORF1b:M1197I,ORF1b:E1288D,ORF3a:Q57H,S:L18F,S:V308L,S:D614G	13.0		0.0	0.0	29903.0	89625.0	PUSHER-v1.16	4.1.3	0.3.17	v0.1.10	nextclade 2.8.0
Consensus_SC2199.consensus_threshold_0.75_quality_20	B.1.2	0.0		Usher placements: B.1.2(1/1)				pass	Ambiguous_content:0.02	20G	good		25.0	0.0	0.0	79.0	0.0	0.0	C241T,C1059T,C3037T,G3606T,C4551T,G8083A,C10319T,G11417T,C14408T,C14805T,C17822T,A18424G,C19512T,C19554T,C21304T,A22155G,A23403G,T23599G,G25563T,C25609A,G25907T,C27964T,C28472T,C28869T,G28907T			1-11,323,29837-29903			N:P67S,N:P199L,N:G212C,ORF1a:T265I,ORF1a:C1114F,ORF1a:T1429I,ORF1a:M2606I,ORF1a:L3352F,ORF1a:V3718F,ORF1b:P314L,ORF1b:P1452L,ORF1b:N1653D,ORF1b:R2613C,ORF3a:Q57H,ORF3a:L73I,ORF3a:G172V,ORF8:S24L,S:D198G,S:D614G,S:N679K	20.0		0.0	0.0	29903.0	89609.0	PUSHER-v1.16	4.1.3	0.3.17	v0.1.10	nextclade 2.8.0
Consensus_SC2200.consensus_threshold_0.75_quality_20	B.1.2	0.0		Usher placements: B.1.2(1/1)				pass	Ambiguous_content:0.02	20G	mediocre		25.0	0.0	0.0	70.0	1.0	0.0	C241T,C1059T,C3037T,G3606T,C4551T,G8083A,C10319T,G11417T,C14408T,C14805T,C17822T,A18424G,C19512T,C19554T,C21304T,A22155G,A23403G,T23599G,G25563T,C25609A,G25907T,C27964T,C28472T,C28869T,G28907T			1-3,29837-29903	Y:25729		N:P67S,N:P199L,N:G212C,ORF1a:T265I,ORF1a:C1114F,ORF1a:T1429I,ORF1a:M2606I,ORF1a:L3352F,ORF1a:V3718F,ORF1b:P314L,ORF1b:P1452L,ORF1b:N1653D,ORF1b:R2613C,ORF3a:Q57H,ORF3a:L73I,ORF3a:G172V,ORF8:S24L,S:D198G,S:D614G,S:N679K	20.0		0.0	0.0	29903.0	89609.0	PUSHER-v1.16	4.1.3	0.3.17	v0.1.10	nextclade 2.8.0
Consensus_SC2201.consensus_threshold_0.75_quality_20	B.1.2	0.0		Usher placements: B.1.2(1/1)				pass	Ambiguous_content:0.02	20G	good		25.0	0.0	0.0	78.0	0.0	0.0	C241T,C1059T,C3037T,G3606T,C4551T,G8083A,C10319T,G11417T,C14408T,C14805T,C17822T,A18424G,C19512T,C19554T,C21304T,A22155G,A23403G,T23599G,G25563T,C25609A,G25907T,C27964T,C28472T,C28869T,G28907T			1-10,323,29837-29903			N:P67S,N:P199L,N:G212C,ORF1a:T265I,ORF1a:C1114F,ORF1a:T1429I,ORF1a:M2606I,ORF1a:L3352F,ORF1a:V3718F,ORF1b:P314L,ORF1b:P1452L,ORF1b:N1653D,ORF1b:R2613C,ORF3a:Q57H,ORF3a:L73I,ORF3a:G172V,ORF8:S24L,S:D198G,S:D614G,S:N679K	20.0		0.0	0.0	29903.0	89609.0	PUSHER-v1.16	4.1.3	0.3.17	v0.1.10	nextclade 2.8.0
Consensus_SC2202.consensus_threshold_0.75_quality_20	B.1.2	0.0		Usher placements: B.1.2(1/1)				pass	Ambiguous_content:0.02	20G	good		25.0	0.0	0.0	67.0	0.0	0.0	C241T,C1059T,C3037T,G3606T,C4551T,G8083A,C10319T,G11417T,C14408T,C14805T,C17822T,A18424G,C19512T,C19554T,C21304T,A22155G,A23403G,T23599G,G25563T,C25609A,G25907T,C27964T,C28472T,C28869T,G28907T			29837-29903			N:P67S,N:P199L,N:G212C,ORF1a:T265I,ORF1a:C1114F,ORF1a:T1429I,ORF1a:M2606I,ORF1a:L3352F,ORF1a:V3718F,ORF1b:P314L,ORF1b:P1452L,ORF1b:N1653D,ORF1b:R2613C,ORF3a:Q57H,ORF3a:L73I,ORF3a:G172V,ORF8:S24L,S:D198G,S:D614G,S:N679K	20.0		0.0	0.0	29903.0	89609.0	PUSHER-v1.16	4.1.3	0.3.17	v0.1.10	nextclade 2.8.0
Consensus_SC2203.consensus_threshold_0.75_quality_20	B.1.438.1	0.0		Usher placements: B.1.438.1(1/1)				pass	Ambiguous_content:0.02	20C	good		19.0	0.0	0.0	67.0	0.0	2.0	C241T,A1154G,C3037T,C8152T,C10138T,C10702T,C11750T,A12121G,C14408T,G15530T,C18877T,A23403G,G23587T,G25563T,G25677T,C26681T,A28272G,G28975T,G29474T			29837-29903		Charité_RdRp_R:G15530T,ChinaCDC_N_R:G28975T	N:M234I,N:D401Y,ORF1a:M297V,ORF1a:L3829F,ORF1b:P314L,ORF1b:C688F,ORF3a:Q57H,ORF3a:L95F,S:D614G,S:Q675H	10.0		0.0	0.0	29903.0	89633.0	PUSHER-v1.16	4.1.3	0.3.17	v0.1.10	nextclade 2.8.0
Consensus_SC2204.consensus_threshold_0.75_quality_20	B.1.36.18	0.0		Usher placements: B.1.36.18(1/1)				pass	Ambiguous_content:0.02	20C	good		20.0	0.0	0.0	364.0	2.0	1.0	C241T,T1947C,C3037T,A6731G,G8027T,C14408T,G15438T,C15613T,C17977T,C18877T,C18981T,G21785C,C21928T,C22444T,A23403G,C25207T,G25563T,C26735T,C28093T,C28854T			1-29,78-151,279-319,323,7185,10765-10822,10905-10997,29837-29903	Y:29034,Y:29555	Charité_RdRp_F:G15438T	N:S194L,ORF1a:V561A,ORF1a:I2156V,ORF1a:V2588F,ORF1b:P314L,ORF1b:M657I,ORF1b:H716Y,ORF1b:L1504F,ORF3a:Q57H,ORF8:S67F,S:G75R,S:D614G	12.0		0.0	0.0	29903.0	89629.0	PUSHER-v1.16	4.1.3	0.3.17	v0.1.10	nextclade 2.8.0
Consensus_SC2205.consensus_threshold_0.75_quality_20	B.1.36	0.0		Usher placements: B.1.36(1/1)				pass	Ambiguous_content:0.02	20C	good		21.0	0.0	0.0	190.0	0.0	0.0	C241T,T1947C,C3037T,G3431T,T5653C,G7038A,A10770G,C14408T,G17058T,G17331T,C18877T,C21614T,C22444T,G22484T,A23403G,G25563T,G26589T,C26735T,G26840A,C28139T,C28854T			1-27,79-151,286-307,323,29837-29903			M:V23L,N:S194L,ORF1a:V561A,ORF1a:V1056L,ORF1a:G2258D,ORF1a:Y3502C,ORF1b:P314L,ORF1b:M1197I,ORF1b:E1288D,ORF3a:Q57H,S:L18F,S:V308L,S:D614G	13.0		0.0	0.0	29903.0	89625.0	PUSHER-v1.16	4.1.3	0.3.17	v0.1.10	nextclade 2.8.0
Consensus_SC2206.consensus_threshold_0.75_quality_20	B.1.36	0.0		Usher placements: B.1.36(1/1)				pass	Ambiguous_content:0.04	20C	mediocre		20.0	1.0	0.0	961.0	2.0	0.0	T1947C,C3037T,G3431T,C3551T,T5653C,G7038A,C14408T,G17058T,G17331T,C18877T,C21614T,C22444T,G22484T,A23403G,G25563T,G26589T,C26735T,G26840A,C28139T,C28854T	323		1-29,78-319,9274-9334,9414-9502,10765-10997,22905-23144,29837-29903	W:9272,K:11647		M:V23L,N:S194L,ORF1b:P314L,ORF1b:M1197I,ORF1b:E1288D,ORF3a:Q57H,S:L18F,S:V308L,S:D614G	9.0	ORF1a:V20-	1.0	0.0	29903.0	89619.0	PUSHER-v1.16	4.1.3	0.3.17	v0.1.10	nextclade 2.8.0
Consensus_SC2207.consensus_threshold_0.75_quality_20	B.1.36	0.0		Usher placements: B.1.36(1/1)				pass	Ambiguous_content:0.02	20C	good		21.0	0.0	0.0	68.0	0.0	0.0	C241T,T1947C,C3037T,G3431T,T5653C,G7038A,A10770G,C14408T,G17058T,G17331T,C18877T,C21614T,C22444T,G22484T,A23403G,G25563T,G26589T,C26735T,G26840A,C28139T,C28854T			323,29837-29903			M:V23L,N:S194L,ORF1a:V561A,ORF1a:V1056L,ORF1a:G2258D,ORF1a:Y3502C,ORF1b:P314L,ORF1b:M1197I,ORF1b:E1288D,ORF3a:Q57H,S:L18F,S:V308L,S:D614G	13.0		0.0	0.0	29903.0	89625.0	PUSHER-v1.16	4.1.3	0.3.17	v0.1.10	nextclade 2.8.0
Consensus_SC2208.consensus_threshold_0.75_quality_20	B.1.36	0.0		Usher placements: B.1.36(1/1)				pass	Ambiguous_content:0.02	20C	good		20.0	0.0	0.0	68.0	2.0	0.0	C241T,T1947C,C3037T,G3431T,T5653C,G7038A,A10770G,C14408T,G17058T,G17331T,C18877T,C21614T,C22444T,G22484T,A23403G,G25563T,G26589T,C26735T,C28139T,C28854T			1,29837-29903	R:26840,S:29732		M:V23L,N:S194L,ORF1a:V561A,ORF1a:V1056L,ORF1a:G2258D,ORF1a:Y3502C,ORF1b:P314L,ORF1b:M1197I,ORF1b:E1288D,ORF3a:Q57H,S:L18F,S:V308L,S:D614G	13.0		0.0	0.0	29903.0	89629.0	PUSHER-v1.16	4.1.3	0.3.17	v0.1.10	nextclade 2.8.0
Consensus_SC2209.consensus_threshold_0.75_quality_20	B.1.438.1	0.0		Usher placements: B.1.438.1(1/1)				pass	Ambiguous_content:0.02	20C	good		17.0	0.0	0.0	97.0	0.0	1.0	C241T,A1154G,C3037T,T6262C,C8152T,C10702T,A12121G,C14408T,C18877T,A23403G,G23587T,G25563T,G25677T,C26681T,A28272G,G28975T,G29474T			1-29,323,29837-29903		ChinaCDC_N_R:G28975T	N:M234I,N:D401Y,ORF1a:M297V,ORF1b:P314L,ORF3a:Q57H,ORF3a:L95F,S:D614G,S:Q675H	8.0		0.0	0.0	29903.0	89641.0	PUSHER-v1.16	4.1.3	0.3.17	v0.1.10	nextclade 2.8.0
Consensus_SC2210.consensus_threshold_0.75_quality_20	AM.4	0.0		Usher placements: AM.4(1/1)				pass	Ambiguous_content:0.02	20B	good		24.0	0.0	0.0	64.0	1.0	6.0	C241T,C643T,G2659T,C3037T,C3241T,A3942C,C5284T,C5884T,C9286T,A10103G,G11863A,T14171C,C14408T,A16482C,C21952T,A23403G,C23635T,C26060T,C27434T,G28881A,G28882A,G28883C,G28884T,C29200T			1-2,29842-29903	R:26842	ChinaCDC_N_F:G28881A;G28882A;G28883C;G28884T,USCDC_N2_P:C29200T,Pasteur_IP4_R:T14171C	N:R203K,N:G204L,ORF1a:K798N,ORF1a:K1226T,ORF1a:M3280V,ORF1b:I235T,ORF1b:P314L,ORF3a:T223I,ORF7a:T14I,S:D614G	10.0		0.0	0.0	29903.0	89613.0	PUSHER-v1.16	4.1.3	0.3.17	v0.1.10	nextclade 2.8.0
Consensus_SC2211.consensus_threshold_0.75_quality_20	B.1.438.1	0.0		Usher placements: B.1.438.1(1/1)				pass	Ambiguous_content:0.02	20C	good		17.0	0.0	0.0	72.0	0.0	1.0	C241T,A1154G,C3037T,T6262C,C8152T,C10702T,A12121G,C14408T,C18877T,A23403G,G23587T,G25563T,G25677T,C26681T,A28272G,G28975T,G29474T			1-5,29837-29903		ChinaCDC_N_R:G28975T	N:M234I,N:D401Y,ORF1a:M297V,ORF1b:P314L,ORF3a:Q57H,ORF3a:L95F,S:D614G,S:Q675H	8.0		0.0	0.0	29903.0	89641.0	PUSHER-v1.16	4.1.3	0.3.17	v0.1.10	nextclade 2.8.0
Consensus_SC2212.consensus_threshold_0.75_quality_20	B.1.2	0.0		Usher placements: B.1.2(1/1)				pass	Ambiguous_content:0.02	20G	good		23.0	0.0	0.0	71.0	1.0	0.0	C225T,C241T,C1059T,C3037T,T6025C,C10319T,C14408T,C16575T,A18424G,C18508T,G19999T,C21304T,C21648T,G21974T,A23403G,G23608T,C23758T,G25563T,G25907T,T26385A,C27964T,C28472T,C28869T			1-3,323,29837-29903	Y:4249		N:P67S,N:P199L,ORF1a:T265I,ORF1a:L3352F,ORF1b:P314L,ORF1b:N1653D,ORF1b:L1681F,ORF1b:V2178F,ORF1b:R2613C,ORF3a:Q57H,ORF3a:G172V,ORF8:S24L,S:T29I,S:D138Y,S:D614G	15.0		0.0	0.0	29903.0	89617.0	PUSHER-v1.16	4.1.3	0.3.17	v0.1.10	nextclade 2.8.0
Consensus_SC2213.consensus_threshold_0.75_quality_20	B.1.2	0.0		Usher placements: B.1.2(1/1)				pass	Ambiguous_content:0.02	20G	good		22.0	0.0	0.0	67.0	2.0	1.0	C241T,C1059T,C2485T,C3037T,C4832T,C7113T,C10319T,C14408T,A18424G,G21004T,C21234T,C21304T,A21390G,A23403G,G25563T,G25907T,C26688T,C27964T,G28116A,C28472T,G28817T,C28869T			29837-29903	K:7756,S:29732	Charité_N_R:G28817T	N:P67S,N:A182S,N:P199L,ORF1a:T265I,ORF1a:T2283I,ORF1a:L3352F,ORF1b:P314L,ORF1b:N1653D,ORF1b:A2513S,ORF1b:R2613C,ORF3a:Q57H,ORF3a:G172V,ORF8:S24L,ORF8:D75N,S:D614G	15.0		0.0	0.0	29903.0	89621.0	PUSHER-v1.16	4.1.3	0.3.17	v0.1.10	nextclade 2.8.0
Consensus_SC2214.consensus_threshold_0.75_quality_20	B.1.2	0.0		Usher placements: B.1.2(1/1)				pass	Ambiguous_content:0.02	20G	good		24.0	0.0	0.0	246.0	0.0	0.0	C241T,C1059T,A2810G,C3037T,C4069T,C4158T,A5967G,G8083A,C8802T,C10319T,C14408T,C14805T,C15960T,A18424G,C21304T,A23403G,T25232C,G25563T,G25907T,C27213T,C27964T,C28059T,C28472T,C28869T			1-16,9246-9381,9461-9470,23128-23144,29837-29903			N:P67S,N:P199L,ORF1a:T265I,ORF1a:I849V,ORF1a:A1298V,ORF1a:K1901R,ORF1a:M2606I,ORF1a:T2846I,ORF1a:L3352F,ORF1b:P314L,ORF1b:N1653D,ORF1b:R2613C,ORF3a:Q57H,ORF3a:G172V,ORF8:S24L,ORF8:P56S,S:D614G	17.0		0.0	0.0	29903.0	89613.0	PUSHER-v1.16	4.1.3	0.3.17	v0.1.10	nextclade 2.8.0
Consensus_SC2215.consensus_threshold_0.75_quality_20	AL.1	0.0		Usher placements: AL.1(1/1)				pass	Ambiguous_content:0.03	20B	mediocre		16.0	2.0	0.0	525.0	2.0	3.0	C241T,C3037T,G3716A,G3875A,C4276T,C11109T,C14408T,A21137G,A21625G,A23403G,A25505C,G25855T,G28857T,G28881A,G28882A,G28883C	23125,29581		1-2,78-155,282-319,323,515-520,10762-10796,10918-10997,13602,22905-23121,29837-29903	K:702,M:841	ChinaCDC_N_F:G28881A;G28882A;G28883C	N:R195I,N:R203K,N:G204R,ORF1a:A1151T,ORF1a:A1204T,ORF1a:A3615V,ORF1b:P314L,ORF1b:K2557R,ORF3a:Q38P,ORF3a:D155Y	10.0	S:N448-	1.0	0.0	29903.0	89625.0	PUSHER-v1.16	4.1.3	0.3.17	v0.1.10	nextclade 2.8.0
Consensus_SC2216.consensus_threshold_0.75_quality_20	B.1.160	0.0		Usher placements: B.1.160(1/1)				pass	Ambiguous_content:0.02	20C	good		27.0	0.0	0.0	71.0	0.0	1.0	C241T,T1090C,C3037T,C3832T,C4543T,G5629T,G9526T,C11497T,G13993T,C14408T,G15766T,A16889G,G17019T,C17304T,C18877T,G22992A,A23403G,G25354T,G25563T,C25710T,C26735T,T26876C,G28280T,G28975C,G29399A,G29427A,C29537T			1-4,29837-29903		ChinaCDC_N_R:G28975C	N:D3Y,N:M234I,N:A376T,N:R385K,ORF1a:M3087I,ORF1b:A176S,ORF1b:P314L,ORF1b:V767L,ORF1b:K1141R,ORF1b:E1184D,ORF3a:Q57H,S:S477N,S:D614G	13.0		0.0	0.0	29903.0	89601.0	PUSHER-v1.16	4.1.3	0.3.17	v0.1.10	nextclade 2.8.0
Consensus_SC2217.consensus_threshold_0.75_quality_20	B.1.438.1	0.0		Usher placements: B.1.438.1(1/1)				pass	Ambiguous_content:0.02	20C	good		18.0	0.0	0.0	97.0	0.0	1.0	C241T,A1154G,C3037T,C8152T,C10702T,C12081T,A12121G,A13863G,C14408T,C16679T,C18877T,A23403G,G23587T,G25563T,G25677T,A28272G,G28975T,G29474T			1-29,323,29837-29903		ChinaCDC_N_R:G28975T	N:M234I,N:D401Y,ORF1a:M297V,ORF1a:A3939V,ORF1b:P314L,ORF1b:S1071F,ORF3a:Q57H,ORF3a:L95F,S:D614G,S:Q675H	10.0		0.0	0.0	29903.0	89637.0	PUSHER-v1.16	4.1.3	0.3.17	v0.1.10	nextclade 2.8.0
Consensus_SC2218.consensus_threshold_0.75_quality_20	B.1.36.38	0.0		Assigned from designation hash.				pass	Ambiguous_content:0.02	20C	good		19.0	0.0	0.0	50.0	0.0	0.0	C21T,C241T,T586C,T1947C,C3037T,C7006T,A8348G,A9925G,C14408T,C16332T,C16376T,C18877T,C22444T,G22918T,A23403G,G25563T,C25824T,C26735T,C28854T			1-3,29857-29903			N:S194L,ORF1a:V561A,ORF1a:S2695G,ORF1b:P314L,ORF1b:P970L,ORF3a:Q57H,S:D614G	7.0		0.0	0.0	29903.0	89633.0	PANGO-v1.16	4.1.3	0.3.17	v0.1.10	nextclade 2.8.0
Consensus_SC2219.consensus_threshold_0.75_quality_20	B.1.564.1	0.0		Usher placements: B.1.564.1(1/1)				pass	Ambiguous_content:0.02	20C	good		19.0	0.0	0.0	68.0	0.0	1.0	C241T,C1059T,C3037T,C3773T,T10084C,C11941A,T14191C,C14408T,C16173T,C16260T,C17750T,T19179C,A23403G,A24253T,C25002T,G25563T,C26681T,C28821A,G29737T			1,29837-29903		Charité_N_R:C28821A	N:S183Y,ORF1a:T265I,ORF1a:R1170C,ORF1b:P314L,ORF1b:A1428V,ORF3a:Q57H,S:D614G,S:S1147L	8.0		0.0	0.0	29903.0	89633.0	PUSHER-v1.16	4.1.3	0.3.17	v0.1.10	nextclade 2.8.0
Consensus_SC2220.consensus_threshold_0.75_quality_20	B.1.2	0.0		Usher placements: B.1.2(1/1)				pass	Ambiguous_content:0.02	20G	good		26.0	0.0	0.0	68.0	0.0	1.0	C225T,C241T,C1059T,C3037T,T4634C,T6025C,C10319T,G13713A,C14408T,C16575T,A18424G,C18508T,G18905A,G19999T,G20237T,C21304T,C23277T,A23403G,C23758T,G25563T,G25907T,T26385A,C26801T,C27964T,C28472T,C28869T			1,29837-29903		HKU_ORF_R:G18905A	N:P67S,N:P199L,ORF1a:T265I,ORF1a:L3352F,ORF1b:P314L,ORF1b:N1653D,ORF1b:L1681F,ORF1b:R1813H,ORF1b:V2178F,ORF1b:R2257M,ORF1b:R2613C,ORF3a:Q57H,ORF3a:G172V,ORF8:S24L,S:T572I,S:D614G	16.0		0.0	0.0	29903.0	89605.0	PUSHER-v1.16	4.1.3	0.3.17	v0.1.10	nextclade 2.8.0
Consensus_SC2221.consensus_threshold_0.75_quality_20	B.1.2	0.0		Usher placements: B.1.2(1/1)				pass	Ambiguous_content:0.02	20G	good		26.0	0.0	0.0	68.0	2.0	1.0	C225T,C241T,C1059T,C3037T,T4634C,T6025C,C10319T,G13713A,C14408T,C16575T,A18424G,C18508T,G18905A,G19999T,G20237T,C21304T,C23277T,A23403G,C23758T,G25563T,G25907T,T26385A,C26801T,C27964T,C28472T,C28869T			1,29837-29903	R:12111,M:26867	HKU_ORF_R:G18905A	N:P67S,N:P199L,ORF1a:T265I,ORF1a:L3352F,ORF1b:P314L,ORF1b:N1653D,ORF1b:L1681F,ORF1b:R1813H,ORF1b:V2178F,ORF1b:R2257M,ORF1b:R2613C,ORF3a:Q57H,ORF3a:G172V,ORF8:S24L,S:T572I,S:D614G	16.0		0.0	0.0	29903.0	89605.0	PUSHER-v1.16	4.1.3	0.3.17	v0.1.10	nextclade 2.8.0
Consensus_SC2222.consensus_threshold_0.75_quality_20	B.1.2	0.0		Usher placements: B.1.2(1/1)				pass	Ambiguous_content:0.02	20G	good		26.0	0.0	0.0	47.0	0.0	1.0	C225T,C241T,C1059T,C3037T,T4634C,T6025C,C10319T,G13713A,C14408T,C16575T,A18424G,C18508T,G18905A,G19999T,G20237T,C21304T,C23277T,A23403G,C23758T,G25563T,G25907T,T26385A,C26801T,C27964T,C28472T,C28869T			29857-29903		HKU_ORF_R:G18905A	N:P67S,N:P199L,ORF1a:T265I,ORF1a:L3352F,ORF1b:P314L,ORF1b:N1653D,ORF1b:L1681F,ORF1b:R1813H,ORF1b:V2178F,ORF1b:R2257M,ORF1b:R2613C,ORF3a:Q57H,ORF3a:G172V,ORF8:S24L,S:T572I,S:D614G	16.0		0.0	0.0	29903.0	89605.0	PUSHER-v1.16	4.1.3	0.3.17	v0.1.10	nextclade 2.8.0
Consensus_SC2223.consensus_threshold_0.75_quality_20	B.1.36.18	0.0		Usher placements: B.1.36.18(1/1)				pass	Ambiguous_content:0.02	20C	mediocre		23.0	1.0	0.0	42.0	0.0	1.0	C241T,T1947C,C3037T,C4276T,A6731G,G8027T,C11812T,C14408T,C14599T,G15438T,C17977T,C18877T,C18981T,G21785C,C21928T,C22444T,A23403G,C25207T,G25563T,C26735T,C28093T,C28854T,C29555T	323		1-5,29867-29903		Charité_RdRp_F:G15438T	N:S194L,ORF1b:P314L,ORF1b:M657I,ORF1b:L1504F,ORF3a:Q57H,ORF8:S67F,S:G75R,S:D614G	8.0	ORF1a:V20-	1.0	0.0	29903.0	89607.0	PUSHER-v1.16	4.1.3	0.3.17	v0.1.10	nextclade 2.8.0
Consensus_SC2224.consensus_threshold_0.75_quality_20	B.1.36.18	0.0		Usher placements: B.1.36.18(1/1)				pass	Ambiguous_content:0.02	20C	good		19.0	0.0	0.0	76.0	2.0	1.0	C241T,T1947C,C3037T,G8027T,C14408T,C14724T,G15438T,C17977T,C18877T,C18981T,G21785C,C22444T,A23403G,C23481T,G25563T,C26735T,C28093T,C28854T,C29555T			1-7,323,23125,29837-29903	Y:27092,Y:27549	Charité_RdRp_F:G15438T	N:S194L,ORF1a:V561A,ORF1a:V2588F,ORF1b:P314L,ORF1b:M657I,ORF1b:L1504F,ORF3a:Q57H,ORF8:S67F,S:G75R,S:D614G,S:S640F	11.0		0.0	0.0	29903.0	89633.0	PUSHER-v1.16	4.1.3	0.3.17	v0.1.10	nextclade 2.8.0
Consensus_SC2225.consensus_threshold_0.75_quality_20	B.1.438.1	0.0		Usher placements: B.1.438.1(1/1)				pass	Ambiguous_content:0.02	20C	good		17.0	0.0	0.0	84.0	0.0	1.0	C241T,A1154G,C3037T,C8152T,C10702T,C11663T,A12121G,C14408T,C18877T,C19269T,A23403G,G23587T,G25563T,G25677T,A28272G,G28975T,G29474T			1-16,323,29837-29903		ChinaCDC_N_R:G28975T	N:M234I,N:D401Y,ORF1a:M297V,ORF1a:L3800F,ORF1b:P314L,ORF3a:Q57H,ORF3a:L95F,S:D614G,S:Q675H	9.0		0.0	0.0	29903.0	89641.0	PUSHER-v1.16	4.1.3	0.3.17	v0.1.10	nextclade 2.8.0
Consensus_SC2226.consensus_threshold_0.75_quality_20	B.1.564.1	0.0		Usher placements: B.1.564.1(1/1)				pass	Ambiguous_content:0.02	20C	good		15.0	0.0	0.0	68.0	0.0	1.0	C241T,C1059T,G2577A,C3037T,C3773T,A6342G,T10084C,T14191C,C14408T,C16173T,C16260T,A23403G,A24253T,G25563T,C28821A			1,29837-29903		Charité_N_R:C28821A	N:S183Y,ORF1a:T265I,ORF1a:S771N,ORF1a:R1170C,ORF1a:D2026G,ORF1b:P314L,ORF3a:Q57H,S:D614G	8.0		0.0	0.0	29903.0	89649.0	PUSHER-v1.16	4.1.3	0.3.17	v0.1.10	nextclade 2.8.0
Consensus_SC2227.consensus_threshold_0.75_quality_20	B.1.2	0.0		Usher placements: B.1.2(1/1)				pass	Ambiguous_content:0.02	20G	good		26.0	0.0	0.0	42.0	0.0	1.0	C225T,C241T,C1059T,C3037T,T4634C,T6025C,C10319T,G13713A,C14408T,C16575T,A18424G,C18508T,G18905A,G19999T,G20237T,C21304T,C23277T,A23403G,C23758T,G25563T,G25907T,T26385A,C26801T,C27964T,C28472T,C28869T			1-5,29867-29903		HKU_ORF_R:G18905A	N:P67S,N:P199L,ORF1a:T265I,ORF1a:L3352F,ORF1b:P314L,ORF1b:N1653D,ORF1b:L1681F,ORF1b:R1813H,ORF1b:V2178F,ORF1b:R2257M,ORF1b:R2613C,ORF3a:Q57H,ORF3a:G172V,ORF8:S24L,S:T572I,S:D614G	16.0		0.0	0.0	29903.0	89605.0	PUSHER-v1.16	4.1.3	0.3.17	v0.1.10	nextclade 2.8.0
Consensus_SC2228.consensus_threshold_0.75_quality_20	B.1.243	0.0		Usher placements: B.1.243(1/1)				pass	Ambiguous_content:0.02	20A	good		18.0	0.0	0.0	57.0	1.0	1.0	C241T,G714A,C1063T,C3037T,G8024A,A9084G,C10741T,G12794A,C14408T,G19542T,A20268G,A23403G,C23604A,T24076C,A24774T,C28854T,G29266A,T29710C			1-11,323,29859-29903	Y:8841	Pasteur_IP2_R:G12794A	N:S194L,ORF1a:G150D,ORF1a:A2587T,ORF1a:E2940G,ORF1a:G4177R,ORF1b:P314L,ORF1b:M2025I,S:D614G,S:P681H,S:Q1071L	10.0		0.0	0.0	29903.0	89637.0	PUSHER-v1.16	4.1.3	0.3.17	v0.1.10	nextclade 2.8.0
Consensus_SC2229.consensus_threshold_0.75_quality_20	B.1.1.157	0.0		Usher placements: B.1.1.157(1/1)				pass	Ambiguous_content:0.02	20B	good		20.0	0.0	0.0	67.0	0.0	3.0	C241T,C3037T,C6145T,G6865T,G10870T,G11272A,G11998T,C14408T,A17615G,C17678T,G21123T,C23315T,A23403G,T23455C,C25521T,C28253T,G28881A,G28882A,G28883C,C29311T			29837-29903		ChinaCDC_N_F:G28881A;G28882A;G28883C	N:R203K,N:G204R,ORF1a:K2200N,ORF1a:M3669I,ORF1a:M3911I,ORF1b:P314L,ORF1b:K1383R,ORF1b:T1404M,S:L585F,S:D614G	10.0		0.0	0.0	29903.0	89629.0	PUSHER-v1.16	4.1.3	0.3.17	v0.1.10	nextclade 2.8.0
Consensus_SC2230.consensus_threshold_0.75_quality_20	AM.4	0.0		Usher placements: AM.4(1/1)				pass	Ambiguous_content:0.02	20B	good		26.0	0.0	0.0	76.0	0.0	6.0	C241T,C643T,G2659T,C3037T,C3241T,C5284T,C5884T,C11967T,T14171C,C14408T,A16482C,C17444A,T19104C,G19824A,C21952T,A23403G,C23635T,C24632T,C26060T,G26842A,C27434T,G28881A,G28882A,G28883C,G28884T,C29200T			1-8,323,29837-29903		ChinaCDC_N_F:G28881A;G28882A;G28883C;G28884T,USCDC_N2_P:C29200T,Pasteur_IP4_R:T14171C	M:R107H,N:R203K,N:G204L,ORF1a:K798N,ORF1a:A3901V,ORF1b:I235T,ORF1b:P314L,ORF1b:A1326D,ORF3a:T223I,ORF7a:T14I,S:D614G,S:L1024F	12.0		0.0	0.0	29903.0	89605.0	PUSHER-v1.16	4.1.3	0.3.17	v0.1.10	nextclade 2.8.0
Consensus_SC2231.consensus_threshold_0.75_quality_20	B.1.2	0.0		Usher placements: B.1.2(1/1)				pass	Ambiguous_content:0.02	20G	good		22.0	0.0	0.0	68.0	1.0	1.0	C241T,C1059T,C2485T,C3037T,C4832T,C7113T,C10319T,C14408T,A18424G,G21004T,C21234T,C21304T,A21390G,A23403G,G25563T,G25907T,C26688T,C27964T,G28116A,C28472T,G28817T,C28869T			1,29837-29903	K:844	Charité_N_R:G28817T	N:P67S,N:A182S,N:P199L,ORF1a:T265I,ORF1a:T2283I,ORF1a:L3352F,ORF1b:P314L,ORF1b:N1653D,ORF1b:A2513S,ORF1b:R2613C,ORF3a:Q57H,ORF3a:G172V,ORF8:S24L,ORF8:D75N,S:D614G	15.0		0.0	0.0	29903.0	89621.0	PUSHER-v1.16	4.1.3	0.3.17	v0.1.10	nextclade 2.8.0
Consensus_SC2232.consensus_threshold_0.75_quality_20	AM.4	0.0		Usher placements: AM.4(1/1)				pass	Ambiguous_content:0.02	20B	good		25.0	0.0	0.0	71.0	0.0	6.0	C241T,C643T,G2659T,C3037T,C3241T,C5284T,C5884T,C11967T,T14171C,C14408T,A16482C,T19104C,G19824A,C21952T,A23403G,C23635T,C24632T,C26060T,G26842A,C27434T,G28881A,G28882A,G28883C,G28884T,C29200T			1-4,323,29838-29903		ChinaCDC_N_F:G28881A;G28882A;G28883C;G28884T,USCDC_N2_P:C29200T,Pasteur_IP4_R:T14171C	M:R107H,N:R203K,N:G204L,ORF1a:K798N,ORF1a:A3901V,ORF1b:I235T,ORF1b:P314L,ORF3a:T223I,ORF7a:T14I,S:D614G,S:L1024F	11.0		0.0	0.0	29903.0	89609.0	PUSHER-v1.16	4.1.3	0.3.17	v0.1.10	nextclade 2.8.0
Consensus_SC2233.consensus_threshold_0.75_quality_20	AM.4	0.0		Usher placements: AM.4(1/1)				pass	Ambiguous_content:0.02	20B	good		24.0	0.0	0.0	97.0	0.0	6.0	C241T,C643T,G2659T,C3037T,C3241T,A3942C,C5284T,C5884T,C9286T,A10103G,T14171C,C14408T,A16482C,C21952T,A23403G,C23635T,C26060T,G26842A,C27434T,G28881A,G28882A,G28883C,G28884T,C29200T			1-29,323,29837-29903		ChinaCDC_N_F:G28881A;G28882A;G28883C;G28884T,USCDC_N2_P:C29200T,Pasteur_IP4_R:T14171C	M:R107H,N:R203K,N:G204L,ORF1a:K798N,ORF1a:K1226T,ORF1a:M3280V,ORF1b:I235T,ORF1b:P314L,ORF3a:T223I,ORF7a:T14I,S:D614G	11.0		0.0	0.0	29903.0	89613.0	PUSHER-v1.16	4.1.3	0.3.17	v0.1.10	nextclade 2.8.0
Consensus_SC2234.consensus_threshold_0.75_quality_20	AM.4	0.0		Usher placements: AM.4(1/1)				pass	Ambiguous_content:0.04	20B	mediocre		24.0	1.0	1.0	1140.0	2.0	6.0	C643T,G2659T,C3037T,C3241T,C5284T,C5884T,C11967T,T14171C,C14408T,A16482C,T19104C,G19824A,C21952T,A23403G,C23635T,C24632T,C26060T,G26842A,C27434T,G28881A,G28882A,G28883C,G28884T,C29200T	323	3004:N	1-30,79-319,674,7120-7166,9276-9336,9456-9502,10765-10997,18899-18900,22905-23144,29666-29903	W:22029,Y:25673	ChinaCDC_N_F:G28881A;G28882A;G28883C;G28884T,USCDC_N2_P:C29200T,Pasteur_IP4_R:T14171C	M:R107H,N:R203K,N:G204L,ORF1a:A3901V,ORF1b:I235T,ORF1b:P314L,ORF3a:T223I,ORF7a:T14I,S:D614G,S:L1024F	10.0	ORF1a:V20-	1.0	0.0	29903.0	89596.0	PUSHER-v1.16	4.1.3	0.3.17	v0.1.10	nextclade 2.8.0
Consensus_SC2235.consensus_threshold_0.75_quality_20	B.1.36.26	0.0		Usher placements: B.1.36.26(1/1)				pass	Ambiguous_content:0.02	20C	mediocre		25.0	1.0	0.0	97.0	0.0	0.0	G61T,C183T,C241T,C913T,C1541T,C1687T,C2836T,C3037T,C5758T,C9180T,G11083T,C11259T,C14408T,C18877T,T20901C,G21724T,C22444T,A23403G,C25000T,G25563T,G26144A,C26735T,G26849T,C28854T,C29358T	28254		1-29,323,29837-29903			M:M109I,N:S194L,N:T362I,ORF1a:R426C,ORF1a:S2972F,ORF1a:L3606F,ORF1a:T3665I,ORF1b:P314L,ORF3a:Q57H,ORF3a:G251D,S:L54F,S:D614G	12.0	ORF8:I121-	1.0	0.0	29903.0	89599.0	PUSHER-v1.16	4.1.3	0.3.17	v0.1.10	nextclade 2.8.0
Consensus_SC2236.consensus_threshold_0.75_quality_20	AM.4	0.0		Usher placements: AM.4(1/1)				pass	Ambiguous_content:0.02	20B	good		27.0	0.0	0.0	84.0	0.0	6.0	C241T,C643T,C1968T,C2143A,G2659T,C3037T,C3241T,A3942C,C5284T,C5884T,C9286T,T14171C,C14408T,A16482C,A17973G,C19255T,C21952T,A23403G,C23635T,C26060T,G26842A,C27434T,G28881A,G28882A,G28883C,G28884T,C29200T			1-29,29849-29903		ChinaCDC_N_F:G28881A;G28882A;G28883C;G28884T,USCDC_N2_P:C29200T,Pasteur_IP4_R:T14171C	M:R107H,N:R203K,N:G204L,ORF1a:T568I,ORF1a:K798N,ORF1a:K1226T,ORF1b:I235T,ORF1b:P314L,ORF3a:T223I,ORF7a:T14I,S:D614G	11.0		0.0	0.0	29903.0	89601.0	PUSHER-v1.16	4.1.3	0.3.17	v0.1.10	nextclade 2.8.0
Consensus_SC2237.consensus_threshold_0.75_quality_20	B.1.36.18	0.0		Usher placements: B.1.36.18(1/1)				pass	Ambiguous_content:0.02	20C	good		24.0	0.0	0.0	48.0	0.0	1.0	C241T,G1148T,T1947C,C3037T,C7095T,C7764T,G8027T,A8096G,G11083T,C14408T,G15438T,C18877T,C18981T,G21785C,C22444T,A23403G,G25563T,C25692T,C25710T,C26735T,G27604A,C28093T,C28854T,C29555T			1-4,323,29861-29903		Charité_RdRp_F:G15438T	N:S194L,ORF1a:G295C,ORF1a:V561A,ORF1a:T2277I,ORF1a:S2500F,ORF1a:V2588F,ORF1a:T2611A,ORF1a:L3606F,ORF1b:P314L,ORF1b:M657I,ORF3a:Q57H,ORF7a:V71I,ORF8:S67F,S:G75R,S:D614G	15.0		0.0	0.0	29903.0	89613.0	PUSHER-v1.16	4.1.3	0.3.17	v0.1.10	nextclade 2.8.0
Consensus_SC2238.consensus_threshold_0.75_quality_20	B.1.1.7	0.0		Usher placements: B.1.1.7(1/1)	Alpha (B.1.1.7-like)	0.96	0.04	pass	Ambiguous_content:0.03	20I (Alpha, V1)	good		32.0	19.0	0.0	588.0	0.0	5.0	C913T,C2110T,C3037T,C3267T,C5388A,C5986T,T6954C,G7042T,G11596T,C14120T,C14408T,C14676T,C15279T,T16176C,A23063T,C23271A,A23403G,C23604A,C23709T,T24506G,G24914C,C27972T,G28048T,A28095T,A28111G,G28280C,A28281T,T28282A,G28881A,G28882A,G28883C,C28977T	11288-11296,21765-21770,21992-21994,28271		1-29,78-319,323,9273-9502,10766-10784,29837-29903		ChinaCDC_N_F:G28881A;G28882A;G28883C,ChinaCDC_N_R:C28977T,Pasteur_IP4_P:C14120T	N:D3L,N:R203K,N:G204R,N:S235F,ORF1a:T1001I,ORF1a:A1708D,ORF1a:I2230T,ORF1a:M2259I,ORF1a:Q3777H,ORF1b:P218L,ORF1b:P314L,ORF8:Q27*,ORF8:R52I,ORF8:K68*,ORF8:Y73C,S:N501Y,S:A570D,S:D614G,S:P681H,S:T716I,S:S982A,S:D1118H	22.0	ORF1a:S3675-,ORF1a:G3676-,ORF1a:F3677-,S:H69-,S:V70-,S:Y144-	6.0	0.0	29903.0	89496.0	PUSHER-v1.16	4.1.3	0.3.17	v0.1.10	nextclade 2.8.0
Consensus_SC2240.consensus_threshold_0.75_quality_20	B.1.36.18	0.0		Usher placements: B.1.36.18(1/1)				pass	Ambiguous_content:0.02	20C	mediocre		24.0	1.0	0.0	378.0	0.0	1.0	C241T,C583T,G1148T,T1947C,C3037T,C7764T,G8027T,A8096G,C14408T,G15438T,C18877T,C18981T,G21785C,C22444T,A23403G,G25563T,C25692T,C26456T,C26735T,G27604A,C28093T,A28389G,C28854T,C29555T	323		1-29,78-160,282-319,9276-9282,9460-9476,10765-10825,10923-10998,29837-29903		Charité_RdRp_F:G15438T	E:P71L,N:Q39R,N:S194L,ORF1b:P314L,ORF1b:M657I,ORF3a:Q57H,ORF7a:V71I,ORF8:S67F,ORF9b:N36D,S:G75R,S:D614G	11.0	ORF1a:V20-	1.0	0.0	29903.0	89603.0	PUSHER-v1.16	4.1.3	0.3.17	v0.1.10	nextclade 2.8.0
Consensus_SC2241.consensus_threshold_0.75_quality_20	B.1.36.18	0.0		Usher placements: B.1.36.18(1/1)				pass	Ambiguous_content:0.02	20C	good		23.0	0.0	0.0	50.0	0.0	1.0	C241T,C955T,T1947C,C2676T,C3037T,G8027T,C9541T,C10369T,C14408T,G15438T,C18877T,C18981T,C19961T,G21785C,C22444T,A23403G,G25563T,C26735T,A28030G,C28093T,C28603T,C28854T,C29555T			1-2,29856-29903		Charité_RdRp_F:G15438T	N:S194L,ORF1a:V561A,ORF1a:P804L,ORF1a:V2588F,ORF1b:P314L,ORF1b:M657I,ORF1b:T2165M,ORF3a:Q57H,ORF8:Y46C,ORF8:S67F,S:G75R,S:D614G	12.0		0.0	0.0	29903.0	89617.0	PUSHER-v1.16	4.1.3	0.3.17	v0.1.10	nextclade 2.8.0
Consensus_SC2242.consensus_threshold_0.75_quality_20	B.1.36.18	0.0		Usher placements: B.1.36.18(1/1)				pass	Ambiguous_content:0.03	20C	mediocre		24.0	1.0	0.0	453.0	2.0	1.0	C241T,T1947C,C3037T,G8027T,G11083T,C11750T,C14408T,G15438T,G17411T,C17977T,C18877T,C18981T,G21785C,G22273A,C22444T,A23403G,C25046T,G25563T,C26735T,C28093T,T28334C,C28854T,C28868T,C29555T	323		1-29,80-164,249-319,9276-9354,9425-9502,23539-23582,29837-29903	W:9272,Y:25171	Charité_RdRp_F:G15438T	N:S21P,N:S194L,N:P199S,ORF1b:P314L,ORF1b:M657I,ORF1b:R1315L,ORF1b:L1504F,ORF3a:Q57H,ORF8:S67F,S:G75R,S:D614G,S:P1162S	12.0	ORF1a:V20-	1.0	0.0	29903.0	89603.0	PUSHER-v1.16	4.1.3	0.3.17	v0.1.10	nextclade 2.8.0
Consensus_SC2243.consensus_threshold_0.75_quality_20	B.1.36.18	0.0		Usher placements: B.1.36.18(1/1)				pass	Ambiguous_content:0.02	20C	good		22.0	0.0	0.0	53.0	3.0	1.0	C241T,C1263T,T1947C,C3037T,G4643A,G8027T,C11750T,C14408T,G15438T,C17977T,C18877T,C18981T,G21785C,C22444T,A23403G,C25046T,G25563T,C26735T,C28093T,C28854T,C28868T,C29555T			1-4,323,29856-29903	Y:23758,R:24124,Y:28744	Charité_RdRp_F:G15438T	N:S194L,N:P199S,ORF1a:T333M,ORF1a:V561A,ORF1a:E1460K,ORF1a:V2588F,ORF1a:L3829F,ORF1b:P314L,ORF1b:M657I,ORF1b:L1504F,ORF3a:Q57H,ORF8:S67F,S:G75R,S:D614G,S:P1162S	15.0		0.0	0.0	29903.0	89621.0	PUSHER-v1.16	4.1.3	0.3.17	v0.1.10	nextclade 2.8.0
Consensus_SC2244.consensus_threshold_0.75_quality_20	B.1.1.7			scorpio called lineage B.1.1.7	Alpha (B.1.1.7-like)	0.65	0.13	fail	Ambiguous_content:0.37	20I (Alpha, V1)	bad		23.0	12.0	0.0	11140.0	10.0	4.0	C913T,T2428C,C2925T,C3037T,C3267T,C5388A,C5986T,T6954C,C14408T,C14676T,C15279T,T16176C,G24914C,C27972T,G28048T,A28111G,G28280C,A28281T,T28282A,G28881A,G28882A,G28883C,C28977T	11288-11296,14284,23885,28271		1-29,77-342,1624-1715,1793-1867,2243-2416,2483-2850,4403-4658,4996-5227,5260-5287,7093-7304,7672-7968,8320-9664,9671-9806,10738-11022,11669-11672,11696-11724,11798-11832,11889,12235-12439,13075-13336,13338-13438,13572-13621,13701-13745,13844-13946,14899-15193,15862-16144,16486-16770,17131-18252,18276-18595,18981-19570,21428-21682,22014-22290,22627-23499,23517-23789,23812,24146-24695,25348-26219,28858,29042-29316,29666-29903	M:4991,M:4994,Y:20759,R:24696,W:27109,R:27896,K:29329,Y:29330,Y:29358,Y:29503	ChinaCDC_N_F:G28881A;G28882A;G28883C,ChinaCDC_N_R:C28977T	N:D3L,N:R203K,N:G204R,N:S235F,ORF1a:S887F,ORF1a:T1001I,ORF1a:A1708D,ORF1a:I2230T,ORF8:Q27*,ORF8:R52I,ORF8:Y73C	11.0	ORF1a:S3675-,ORF1a:G3676-,ORF1a:F3677-,ORF1b:L273-,S:D775-	5.0	0.0	29903.0	89554.0	SCORPIO_v0.1.10	4.1.3	0.3.17	v0.1.10	nextclade 2.8.0
Consensus_SC2245.consensus_threshold_0.75_quality_20	AL.1	0.0		Usher placements: AL.1(1/1)				pass	Ambiguous_content:0.03	20B	mediocre		15.0	2.0	0.0	352.0	2.0	3.0	C241T,C3037T,G3716A,C11109T,C14408T,C14583T,A21625G,A23403G,C24904T,A25505C,G25855T,G28857T,G28881A,G28882A,G28883C	323,29581		1-29,9461-9498,22905-23121,23125,29837-29903	W:9272,W:22904	ChinaCDC_N_F:G28881A;G28882A;G28883C	N:R195I,N:R203K,N:G204R,ORF1b:P314L,ORF3a:Q38P,ORF3a:D155Y,S:D614G	7.0	ORF1a:V20-	1.0	0.0	29903.0	89630.0	PUSHER-v1.16	4.1.3	0.3.17	v0.1.10	nextclade 2.8.0
Consensus_SC2246.consensus_threshold_0.75_quality_20	Unassigned							fail	failed to map			Unable to align: low seed matching rate. Details: number of seeds: 299, number of seed matches: 12, matching rate: 0.040, required matching rate: 0.300																				PUSHER-v1.16	4.1.3	0.3.17	v0.1.10	nextclade 2.8.0
Consensus_SC2247.consensus_threshold_0.75_quality_20	B.1.36.18	0.0		Usher placements: B.1.36.18(1/1)				pass	Ambiguous_content:0.02	20C	good		22.0	0.0	0.0	68.0	0.0	1.0	C241T,T1947C,C3037T,A6731G,G8027T,C14408T,G15438T,C17977T,C18877T,C18981T,C21575T,G21785C,C21928T,C22444T,T23255A,A23403G,C25207T,G25563T,C26735T,C28093T,C28854T,C29555T			1,29837-29903		Charité_RdRp_F:G15438T	N:S194L,ORF1a:V561A,ORF1a:I2156V,ORF1a:V2588F,ORF1b:P314L,ORF1b:M657I,ORF1b:L1504F,ORF3a:Q57H,ORF8:S67F,S:L5F,S:G75R,S:F565I,S:D614G	13.0		0.0	0.0	29903.0	89621.0	PUSHER-v1.16	4.1.3	0.3.17	v0.1.10	nextclade 2.8.0
Consensus_SC2248.consensus_threshold_0.75_quality_20	B.1.438.1	0.0		Usher placements: B.1.438.1(1/1)				pass	Ambiguous_content:0.02	20C	good		16.0	0.0	0.0	97.0	1.0	1.0	C241T,A1154G,C3037T,C8152T,A12121G,C14408T,C17573T,C18877T,A23403G,G23587T,G25563T,G25677T,C27002T,A28272G,G28975T,G29474T			1-29,323,29837-29903	M:17135	ChinaCDC_N_R:G28975T	N:M234I,N:D401Y,ORF1a:M297V,ORF1b:P314L,ORF1b:A1369V,ORF3a:Q57H,ORF3a:L95F,S:D614G,S:Q675H	9.0		0.0	0.0	29903.0	89645.0	PUSHER-v1.16	4.1.3	0.3.17	v0.1.10	nextclade 2.8.0
Consensus_SC2249.consensus_threshold_0.75_quality_20	B.1.36	0.0		Usher placements: B.1.36(2/2)				pass	Ambiguous_content:0.02	20C	good		20.0	0.0	0.0	98.0	0.0	0.0	C241T,C832T,T1947C,C3037T,T3707G,G6641T,C11208T,C12641T,C14408T,C15540T,C18877T,G19009T,C22444T,A23403G,G25563T,G25595T,C26735T,G26828T,C28854T,C29311T			1-30,323,29837-29903			N:S194L,ORF1a:V561A,ORF1a:L1148V,ORF1a:G2126C,ORF1a:A3648V,ORF1a:L4126F,ORF1b:P314L,ORF1b:D1848Y,ORF3a:Q57H,ORF3a:R68I,S:D614G	11.0		0.0	0.0	29903.0	89629.0	PUSHER-v1.16	4.1.3	0.3.17	v0.1.10	nextclade 2.8.0
Consensus_SC2250.consensus_threshold_0.75_quality_20	B.1.36.18	0.0		Usher placements: B.1.36.18(2/2)				pass	Ambiguous_content:0.14	20C	bad		23.0	8.0	0.0	3674.0	0.0	1.0	C241T,C583T,G1148T,T1947C,C3037T,A3908G,C7764T,G8027T,A8096G,G15438T,C18877T,C18981T,C19803T,G21785C,C22444T,A23403G,G25563T,C25692T,C26735T,A28389G,G28451T,C28854T,C29555T	29730-29737		1-30,4024-4054,4880-4966,9246-9502,11049-11154,11251-11331,11669-11698,11807-12133,12466-12732,14272-14570,16187-16258,16371-16444,16486-16576,17131-17458,17695-17993,20232-20322,20424-20496,20543-20637,20724-20756,23501-23596,26772-26837,27229-27282,27392-28104,28930-28936,29837-29903		Charité_RdRp_F:G15438T	N:Q39R,N:G60C,N:S194L,ORF1a:G295C,ORF1a:V561A,ORF1a:I1215V,ORF1a:S2500F,ORF1a:V2588F,ORF1a:T2611A,ORF1b:M657I,ORF3a:Q57H,ORF9b:N36D,ORF9b:M56I,S:G75R,S:D614G	15.0		0.0	0.0	29903.0	89587.0	PUSHER-v1.16	4.1.3	0.3.17	v0.1.10	nextclade 2.8.0
Consensus_SC2251.consensus_threshold_0.75_quality_20	Unassigned							fail	failed to map			Unable to align: low seed matching rate. Details: number of seeds: 299, number of seed matches: 23, matching rate: 0.077, required matching rate: 0.300																				PUSHER-v1.16	4.1.3	0.3.17	v0.1.10	nextclade 2.8.0
Consensus_SC2252.consensus_threshold_0.75_quality_20	B.1.564.1	0.0		Usher placements: B.1.564.1(1/1)				pass	Ambiguous_content:0.02	20C	mediocre		17.0	1.0	0.0	70.0	0.0	1.0	C241T,C1059T,A2500C,C3037T,C3773T,T10084C,T14148C,T14191C,C14408T,C16173T,C16260T,G18538A,A20059G,A23403G,A24253T,G25563T,C28821A	323		1-3,29837-29903		Charité_N_R:C28821A	N:S183Y,ORF1b:P314L,ORF1b:V1691I,ORF1b:S2198G,ORF3a:Q57H,S:D614G	6.0	ORF1a:V20-	1.0	0.0	29903.0	89631.0	PUSHER-v1.16	4.1.3	0.3.17	v0.1.10	nextclade 2.8.0
Consensus_SC2253.consensus_threshold_0.75_quality_20	B.1.438.1	0.0		Usher placements: B.1.438.1(1/1)				pass	Ambiguous_content:0.02	20C	good		16.0	0.0	0.0	72.0	0.0	1.0	C241T,A1154G,C3037T,C8152T,C10702T,A12121G,C14408T,C18032T,C18877T,A23403G,G23587T,G25563T,G25677T,A28272G,G28975T,G29474T			1-4,323,29837-29903		ChinaCDC_N_R:G28975T	N:M234I,N:D401Y,ORF1a:M297V,ORF1b:P314L,ORF1b:T1522I,ORF3a:Q57H,ORF3a:L95F,S:D614G,S:Q675H	9.0		0.0	0.0	29903.0	89645.0	PUSHER-v1.16	4.1.3	0.3.17	v0.1.10	nextclade 2.8.0
Consensus_SC2254.consensus_threshold_0.75_quality_20	Unassigned							fail	Ambiguous_content:0.32	20C	bad		11.0	3.0	1.0	9407.0	8.0	1.0	C3037T,G7798T,T10084C,A10323G,C16173T,C16260T,C19545T,A24253T,C28674T,C28821A,G29557T	323,11049,26461	9970:A	1-26,77-319,1005-1595,3508-3795,4403-4658,5225-5226,5789,6529-6745,7093-7332,7998-8293,8313-8410,8500-8634,8636-9806,10438-10688,10738-11022,11140-11584,13430,13661-14570,15539-15851,16805-17087,18037-18275,18651-18918,19912-20200,20543-20813,21717-22542,22878-23306,23330-23441,25348-25924,29560-29903	W:12304,R:12332,Y:17694,Y:27294,M:28497,M:28520,Y:29144,R:29337	Charité_N_R:C28821A	N:A134V,N:S183Y,ORF1a:K3353R	3.0	E:L73-,ORF1a:V20-,ORF1a:V3595-	3.0	0.0	29903.0	89627.0	PUSHER-v1.16	4.1.3	0.3.17	v0.1.10	nextclade 2.8.0
Consensus_SC2255.consensus_threshold_0.75_quality_20	C.36.1	0.0		Usher placements: C.36.1(1/1)				pass	Ambiguous_content:0.02	20D	mediocre		26.0	1.0	0.0	170.0	1.0	3.0	C241T,C3037T,C4002T,C9693T,G10097A,A11433G,G12268A,C12534T,C13536T,C14408T,C17010T,C18508T,C19524T,G20718A,A23403G,A23484G,G23593T,C23731T,C28093T,C28253T,G28628T,C28846T,G28881A,G28882A,G28883C,G28908T	323		1-3,79-155,297-319,29837-29903	K:26167	ChinaCDC_N_F:G28881A;G28882A;G28883C	N:A119S,N:R203K,N:G204R,N:G212V,ORF1b:P314L,ORF1b:L1681F,ORF1b:M2417I,ORF8:S67F,S:D614G,S:N641S,S:Q677H	11.0	ORF1a:V20-	1.0	0.0	29903.0	89595.0	PUSHER-v1.16	4.1.3	0.3.17	v0.1.10	nextclade 2.8.0
Consensus_SC2256.consensus_threshold_0.75_quality_20	B.1.36.38	0.0		Usher placements: B.1.36.38(1/1)				pass	Ambiguous_content:0.05	20C	bad		26.0	1.0	0.0	1315.0	4.0	0.0	T586C,C853T,T1947C,C3037T,T3862A,C7006T,A8348G,A9925G,C14408T,C15495T,C16332T,C16376T,C17372T,C18267T,C18877T,T19015C,A21356G,C22444T,A23403G,T23563C,G25407T,G25563T,C26735T,G27127T,C28854T,C29095T	323		1-29,77-319,3827-3836,4060-4068,4557-4558,8665-8887,9274-9502,10738-10998,13602,22905-23144,23858,29837-29903	S:675,S:8888,R:21626,Y:26982		M:G202V,N:S194L,ORF1b:P314L,ORF1b:P970L,ORF1b:A1302V,ORF1b:F1850L,ORF1b:N2630S,ORF3a:M5I,ORF3a:Q57H,S:D614G	10.0	ORF1a:V20-	1.0	0.0	29903.0	89595.0	PUSHER-v1.16	4.1.3	0.3.17	v0.1.10	nextclade 2.8.0
Consensus_SC2257.consensus_threshold_0.75_quality_20	C.36.1	0.0		Usher placements: C.36.1(1/1)				pass	Ambiguous_content:0.02	20D	good		26.0	0.0	0.0	68.0	1.0	3.0	C241T,C3037T,C4002T,C9693T,G10097A,A11433G,G12268A,C12534T,C13536T,C14408T,C17010T,C18508T,C19524T,G20718A,A23403G,A23484G,G23593T,C23731T,C28093T,C28253T,G28628T,C28846T,G28881A,G28882A,G28883C,G28908T			1,29837-29903	S:29732	ChinaCDC_N_F:G28881A;G28882A;G28883C	N:A119S,N:R203K,N:G204R,N:G212V,ORF1a:T1246I,ORF1a:A3143V,ORF1a:G3278S,ORF1a:Y3723C,ORF1a:T4090I,ORF1b:P314L,ORF1b:L1681F,ORF1b:M2417I,ORF8:S67F,S:D614G,S:N641S,S:Q677H	16.0		0.0	0.0	29903.0	89605.0	PUSHER-v1.16	4.1.3	0.3.17	v0.1.10	nextclade 2.8.0
Consensus_SC2258.consensus_threshold_0.75_quality_20	C.36.1	0.0		Usher placements: C.36.1(1/1)				pass	Ambiguous_content:0.02	20D	good		26.0	0.0	0.0	97.0	0.0	3.0	C241T,C3037T,C4002T,C9693T,G10097A,A11433G,G12268A,C12534T,C13536T,C14408T,C17010T,C18508T,C19524T,G20718A,A23403G,A23484G,G23593T,C23731T,C28093T,C28253T,G28628T,C28846T,G28881A,G28882A,G28883C,G28908T			1-29,323,29837-29903		ChinaCDC_N_F:G28881A;G28882A;G28883C	N:A119S,N:R203K,N:G204R,N:G212V,ORF1a:T1246I,ORF1a:A3143V,ORF1a:G3278S,ORF1a:Y3723C,ORF1a:T4090I,ORF1b:P314L,ORF1b:L1681F,ORF1b:M2417I,ORF8:S67F,S:D614G,S:N641S,S:Q677H	16.0		0.0	0.0	29903.0	89605.0	PUSHER-v1.16	4.1.3	0.3.17	v0.1.10	nextclade 2.8.0
Consensus_SC2259.consensus_threshold_0.75_quality_20	Unassigned							fail	failed to map			Unable to align: low seed matching rate. Details: number of seeds: 299, number of seed matches: 27, matching rate: 0.090, required matching rate: 0.300																				PUSHER-v1.16	4.1.3	0.3.17	v0.1.10	nextclade 2.8.0
Consensus_SC2260.consensus_threshold_0.75_quality_20	Unassigned							fail	failed to map			Unable to align: low seed matching rate. Details: number of seeds: 299, number of seed matches: 27, matching rate: 0.090, required matching rate: 0.300																				PUSHER-v1.16	4.1.3	0.3.17	v0.1.10	nextclade 2.8.0
Consensus_SC2261.consensus_threshold_0.75_quality_20	B.1.36.18	0.0		Usher placements: B.1.36.18(1/1)				pass	Ambiguous_content:0.02	20C	good		22.0	0.0	0.0	51.0	0.0	1.0	C241T,T1947C,C3037T,A6731G,G8027T,C10078T,C14408T,G15438T,C15613T,C17977T,C18877T,C18981T,G21785C,C21928T,C22444T,A23403G,C25207T,G25563T,C26735T,C28093T,C28854T,C29555T			1-2,29855-29903		Charité_RdRp_F:G15438T	N:S194L,ORF1a:V561A,ORF1a:I2156V,ORF1a:V2588F,ORF1b:P314L,ORF1b:M657I,ORF1b:H716Y,ORF1b:L1504F,ORF3a:Q57H,ORF8:S67F,S:G75R,S:D614G	12.0		0.0	0.0	29903.0	89621.0	PUSHER-v1.16	4.1.3	0.3.17	v0.1.10	nextclade 2.8.0
Consensus_SC2262.consensus_threshold_0.75_quality_20	B.1.36	0.0		Usher placements: B.1.36(2/2)				pass	Ambiguous_content:0.02	20C	good		20.0	0.0	0.0	67.0	0.0	0.0	C241T,C832T,T1947C,C3037T,T3707G,G6641T,C11208T,C12641T,C14408T,C15540T,C18877T,G19009T,C22444T,A23403G,G25563T,G25595T,C26735T,G26828T,C28854T,C29311T			29837-29903			N:S194L,ORF1a:V561A,ORF1a:L1148V,ORF1a:G2126C,ORF1a:A3648V,ORF1a:L4126F,ORF1b:P314L,ORF1b:D1848Y,ORF3a:Q57H,ORF3a:R68I,S:D614G	11.0		0.0	0.0	29903.0	89629.0	PUSHER-v1.16	4.1.3	0.3.17	v0.1.10	nextclade 2.8.0
Consensus_SC2263.consensus_threshold_0.75_quality_20	AL.1	0.0		Usher placements: AL.1(1/1)				pass	Ambiguous_content:0.04	20B	mediocre		20.0	2.0	0.0	958.0	0.0	3.0	C241T,C3037T,G3716A,C5192T,C10626T,C11109T,C12513T,C14408T,C18109T,A21625G,G22616T,A23403G,A25505C,G25855T,G27604T,C27707T,G28857T,G28881A,G28882A,G28883C	323,29581		1-29,79-202,282-319,9276-9502,10765-10997,22905-23144,29837-29903		ChinaCDC_N_F:G28881A;G28882A;G28883C	N:R195I,N:R203K,N:G204R,ORF1b:P314L,ORF1b:P1548S,ORF3a:Q38P,ORF3a:D155Y,ORF7a:V71L,ORF7a:A105V,S:A352S,S:D614G	11.0	ORF1a:V20-	1.0	0.0	29903.0	89610.0	PUSHER-v1.16	4.1.3	0.3.17	v0.1.10	nextclade 2.8.0
Consensus_SC2264.consensus_threshold_0.75_quality_20	B.1.2	0.0		Usher placements: B.1.2(1/1)				pass	Ambiguous_content:0.02	20G	good		20.0	0.0	0.0	91.0	1.0	0.0	C241T,A685G,C1059T,C3037T,G8083A,A8085G,C10319T,C11479T,G12128A,C14408T,C14805T,A18424G,C21304T,A23403G,G25563T,G25907T,C27964T,C28472T,C28869T,C29409T			1-23,323,29837-29903	K:25455		N:P67S,N:P199L,N:T379I,ORF1a:T265I,ORF1a:M2606I,ORF1a:E2607G,ORF1a:L3352F,ORF1a:A3955T,ORF1b:P314L,ORF1b:N1653D,ORF1b:R2613C,ORF3a:Q57H,ORF3a:G172V,ORF8:S24L,S:D614G	15.0		0.0	0.0	29903.0	89629.0	PUSHER-v1.16	4.1.3	0.3.17	v0.1.10	nextclade 2.8.0
Consensus_SC2265.consensus_threshold_0.75_quality_20	B.1.2	0.0		Usher placements: B.1.2(1/1)				pass	Ambiguous_content:0.1	20G	bad		18.0	1.0	0.0	2794.0	7.0	0.0	A685G,C1059T,C3037T,G8083A,A8085G,C10319T,C11479T,G12128A,C14408T,C14805T,A18424G,C21304T,A23403G,G25563T,C27964T,C28472T,C28869T,C29409T	323		1-29,77-319,3827,7093-7166,7285-7332,9273-9334,9460-9502,10738-10998,21428-21990,22325-22542,22905-23144,23368,24982,25053-25278,25282,25675-26219,29666-29903	Y:4829,Y:9541,W:10999,K:15762,Y:21997,K:23270,Y:27350		N:P67S,N:P199L,N:T379I,ORF1b:P314L,ORF1b:N1653D,ORF1b:R2613C,ORF3a:Q57H,ORF8:S24L,S:D614G	9.0	ORF1a:V20-	1.0	0.0	29903.0	89627.0	PUSHER-v1.16	4.1.3	0.3.17	v0.1.10	nextclade 2.8.0
Consensus_SC2266.consensus_threshold_0.75_quality_20	AL.1	0.0		Usher placements: AL.1(1/1)				pass	Ambiguous_content:0.02	20B	good		20.0	1.0	0.0	98.0	0.0	3.0	C241T,C3037T,G3716A,C5192T,C10626T,C11109T,C12513T,C14408T,C18109T,A21625G,G22616T,A23403G,A25505C,G25855T,G27604T,C27707T,G28857T,G28881A,G28882A,G28883C	29581		1-30,323,29837-29903		ChinaCDC_N_F:G28881A;G28882A;G28883C	N:R195I,N:R203K,N:G204R,ORF1a:A1151T,ORF1a:A3454V,ORF1a:A3615V,ORF1a:T4083M,ORF1b:P314L,ORF1b:P1548S,ORF3a:Q38P,ORF3a:D155Y,ORF7a:V71L,ORF7a:A105V,S:A352S,S:D614G	15.0		0.0	0.0	29903.0	89620.0	PUSHER-v1.16	4.1.3	0.3.17	v0.1.10	nextclade 2.8.0
Consensus_SC2267.consensus_threshold_0.75_quality_20	B.1.36.18	0.0		Usher placements: B.1.36.18(1/1)				pass	Ambiguous_content:0.02	20C	good		23.0	0.0	0.0	71.0	0.0	1.0	C241T,T1947C,C2455T,C3037T,A6731G,G6894T,G8027T,C14408T,G15438T,C17977T,C18877T,C18981T,G21785C,C21928T,C22444T,A23403G,C25207T,G25563T,C26735T,C28087T,C28093T,C28854T,C29555T			1-4,29837-29903		Charité_RdRp_F:G15438T	N:S194L,ORF1a:V561A,ORF1a:I2156V,ORF1a:C2210F,ORF1a:V2588F,ORF1b:P314L,ORF1b:M657I,ORF1b:L1504F,ORF3a:Q57H,ORF8:A65V,ORF8:S67F,S:G75R,S:D614G	13.0		0.0	0.0	29903.0	89617.0	PUSHER-v1.16	4.1.3	0.3.17	v0.1.10	nextclade 2.8.0
Consensus_SC2268.consensus_threshold_0.75_quality_20	AE.8	0.0		Usher placements: AE.8(1/1)				pass	Ambiguous_content:0.02	20B	good		18.0	0.0	0.0	72.0	2.0	3.0	C241T,C313T,C1347T,C1943T,C1959T,C3037T,C5700A,C6031T,T7153C,C8818T,G13975T,C14408T,G17944T,A23403G,G25690T,G28881A,G28882A,G28883C			1-4,323,29837-29903	Y:3784,S:29732	ChinaCDC_N_F:G28881A;G28882A;G28883C	N:R203K,N:G204R,ORF1a:P361L,ORF1a:R560C,ORF1a:A565V,ORF1a:A1812D,ORF1b:G170C,ORF1b:P314L,ORF1b:V1493L,ORF3a:G100C,S:D614G	11.0		0.0	0.0	29903.0	89637.0	PUSHER-v1.16	4.1.3	0.3.17	v0.1.10	nextclade 2.8.0
Consensus_SC2269.consensus_threshold_0.75_quality_20	B.1.36.18	0.0		Usher placements: B.1.36.18(1/1)				pass	Ambiguous_content:0.02	20C	mediocre		23.0	1.0	0.0	281.0	1.0	1.0	C241T,T1947C,C3037T,C4276T,A6731G,G8027T,C11812T,C14408T,C14599T,G15438T,C17977T,C18877T,C18981T,G21785C,C21928T,C22444T,A23403G,C25207T,G25563T,C26735T,C28093T,C28854T,C29555T	323		1-29,218-232,280-319,22905-22961,23050-23121,23125,29837-29903	W:22904	Charité_RdRp_F:G15438T	N:S194L,ORF1b:P314L,ORF1b:M657I,ORF1b:L1504F,ORF3a:Q57H,ORF8:S67F,S:G75R,S:D614G	8.0	ORF1a:V20-	1.0	0.0	29903.0	89607.0	PUSHER-v1.16	4.1.3	0.3.17	v0.1.10	nextclade 2.8.0
Consensus_SC2270.consensus_threshold_0.75_quality_20	B.1.438.1	0.0		Usher placements: B.1.438.1(1/1)				pass	Ambiguous_content:0.05	20C	good		14.0	1.0	0.0	1160.0	4.0	1.0	C3037T,C8152T,C10702T,A12121G,C14408T,C18877T,C19862T,A23403G,G23587T,G25563T,G25677T,A28272G,G28975T,G29474T	29782		1-10,77-319,323,8636-8913,9273-9476,9481,10738-10810,13602,21886-21890,21982-22001,22905-23144,25154,25192,25855,29070-29083,29837-29903	R:1154,K:5206,R:20237,W:22904	ChinaCDC_N_R:G28975T	N:M234I,N:D401Y,ORF1b:P314L,ORF1b:A2132V,ORF3a:Q57H,ORF3a:L95F,S:D614G,S:Q675H	8.0		0.0	0.0	29903.0	89644.0	PUSHER-v1.16	4.1.3	0.3.17	v0.1.10	nextclade 2.8.0
Consensus_SC2271.consensus_threshold_0.75_quality_20	C.36.1	0.0		Usher placements: C.36.1(1/1)				pass	Ambiguous_content:0.02	20D	good		24.0	1.0	3.0	71.0	0.0	3.0	C241T,C3037T,C3264T,C4002T,G10097A,A11433G,C12534T,C13536T,C14408T,C14790T,C17010T,C18508T,C19524T,G21853A,A23403G,A23484G,G23593T,C23731T,C28093T,C28846T,G28881A,G28882A,G28883C,G28908T	28254	28250:CTG	1-3,323,29837-29903		ChinaCDC_N_F:G28881A;G28882A;G28883C	N:R203K,N:G204R,N:G212V,ORF1a:T1000I,ORF1a:T1246I,ORF1a:G3278S,ORF1a:Y3723C,ORF1a:T4090I,ORF1b:P314L,ORF1b:L1681F,ORF8:S67F,ORF8:F120L,S:D614G,S:N641S,S:Q677H	15.0	ORF8:I121-	1.0	0.0	29903.0	89596.0	PUSHER-v1.16	4.1.3	0.3.17	v0.1.10	nextclade 2.8.0
Consensus_SC2272.consensus_threshold_0.75_quality_20	B.1.36	0.0		Usher placements: B.1.36(1/1)				pass	Ambiguous_content:0.02	20C	good		23.0	0.0	0.0	72.0	0.0	0.0	C241T,T1947C,C3037T,A3051G,G3431T,C4683T,T5653C,C7482T,C14408T,G17058T,G17331T,C18877T,C21614T,C22444T,G22484T,A23403G,T23626C,G25563T,G26589T,C26735T,G26840A,C28139T,C28854T			1-4,323,29837-29903			M:V23L,N:S194L,ORF1a:V561A,ORF1a:E929G,ORF1a:V1056L,ORF1a:A1473V,ORF1a:S2406L,ORF1b:P314L,ORF1b:M1197I,ORF1b:E1288D,ORF3a:Q57H,S:L18F,S:V308L,S:D614G	14.0		0.0	0.0	29903.0	89617.0	PUSHER-v1.16	4.1.3	0.3.17	v0.1.10	nextclade 2.8.0
Consensus_SC2273.consensus_threshold_0.75_quality_20	B.1.36	0.0		Usher placements: B.1.36(1/1)				pass	Ambiguous_content:0.02	20C	mediocre		22.0	1.0	0.0	96.0	0.0	0.0	C241T,T1947C,C3037T,A3051G,G3431T,C4683T,T5653C,C14408T,G17058T,G17331T,C18877T,C21614T,C22444T,G22484T,A23403G,T23626C,G25563T,G26589T,C26735T,G26840A,C28139T,C28854T	323		1-29,29837-29903			M:V23L,N:S194L,ORF1b:P314L,ORF1b:M1197I,ORF1b:E1288D,ORF3a:Q57H,S:L18F,S:V308L,S:D614G	9.0	ORF1a:V20-	1.0	0.0	29903.0	89611.0	PUSHER-v1.16	4.1.3	0.3.17	v0.1.10	nextclade 2.8.0
Consensus_SC2274.consensus_threshold_0.75_quality_20	C.36.1	0.0		Usher placements: C.36.1(1/1)				pass	Ambiguous_content:0.02	20D	good		26.0	1.0	3.0	68.0	1.0	3.0	C241T,C3037T,C3264T,C4002T,C4543T,G10097A,A11433G,C12534T,C13536T,C14408T,C14790T,C17010T,C18508T,C19524T,G21853A,A23403G,A23484G,G23593T,C23731T,C28093T,C28846T,G28881A,G28882A,G28883C,G28908T,C29274T	28254	28250:CTG	1,29837-29903	S:29732	ChinaCDC_N_F:G28881A;G28882A;G28883C	N:R203K,N:G204R,N:G212V,N:T334I,ORF1a:T1000I,ORF1a:T1246I,ORF1a:G3278S,ORF1a:Y3723C,ORF1a:T4090I,ORF1b:P314L,ORF1b:L1681F,ORF8:S67F,ORF8:F120L,S:D614G,S:N641S,S:Q677H	16.0	ORF8:I121-	1.0	0.0	29903.0	89588.0	PUSHER-v1.16	4.1.3	0.3.17	v0.1.10	nextclade 2.8.0
Consensus_SC2275.consensus_threshold_0.75_quality_20	B.1.438.1	0.0		Usher placements: B.1.438.1(1/1)				pass	Ambiguous_content:0.02	20C	good		18.0	0.0	0.0	71.0	0.0	1.0	C241T,A1154G,C3037T,C8152T,T8260C,C10702T,A12121G,C14408T,C18877T,G18948A,A23403G,G23587T,G25563T,G25677T,A27574G,A28272G,G28975T,G29474T			1-4,29837-29903		ChinaCDC_N_R:G28975T	N:M234I,N:D401Y,ORF1a:M297V,ORF1b:P314L,ORF3a:Q57H,ORF3a:L95F,ORF7a:T61A,S:D614G,S:Q675H	9.0		0.0	0.0	29903.0	89637.0	PUSHER-v1.16	4.1.3	0.3.17	v0.1.10	nextclade 2.8.0
Consensus_SC2276.consensus_threshold_0.75_quality_20	B.1.438.1	0.0		Usher placements: B.1.438.1(1/1)				pass	Ambiguous_content:0.02	20C	good		16.0	2.0	0.0	289.0	1.0	1.0	C241T,A1154G,C3037T,C8152T,C10702T,A12121G,C14408T,C18877T,A23403G,G23587T,G25563T,G25677T,C26681T,A28272G,G28975T,G29474T	27293-27294		1-30,323,22906-22969,22996-23121,23125,29837-29903	M:23122	ChinaCDC_N_R:G28975T	N:M234I,N:D401Y,ORF1a:M297V,ORF1b:P314L,ORF3a:Q57H,ORF3a:L95F,S:D614G,S:Q675H	8.0	ORF6:Y31-	1.0	0.0	29903.0	89631.0	PUSHER-v1.16	4.1.3	0.3.17	v0.1.10	nextclade 2.8.0
Consensus_SC2277.consensus_threshold_0.75_quality_20	B.1.564.1	0.0		Usher placements: B.1.564.1(1/1)				pass	Ambiguous_content:0.02	20C	good		17.0	0.0	0.0	68.0	1.0	1.0	C241T,C1059T,C3037T,C3773T,T10084C,T14191C,C14408T,C16173T,C16260T,A21137G,C22450T,A23403G,A24253T,G25563T,C26681T,C28000T,C28821A			1,29837-29903	Y:24237	Charité_N_R:C28821A	N:S183Y,ORF1a:T265I,ORF1a:R1170C,ORF1b:P314L,ORF1b:K2557R,ORF3a:Q57H,ORF8:P36L,S:D614G	8.0		0.0	0.0	29903.0	89641.0	PUSHER-v1.16	4.1.3	0.3.17	v0.1.10	nextclade 2.8.0
Consensus_SC2278.consensus_threshold_0.75_quality_20	C.36.1	0.0		Usher placements: C.36.1(1/1)				pass	Ambiguous_content:0.02	20D	good		24.0	1.0	3.0	59.0	1.0	3.0	C241T,C3037T,C3264T,C4002T,G10097A,A11433G,C12534T,C13536T,C14408T,C14790T,C17010T,C18508T,C19524T,G21853A,A23403G,A23484G,G23593T,C23731T,C28093T,C28846T,G28881A,G28882A,G28883C,G28908T	28254	28250:CTG	1-12,29857-29903	Y:29274	ChinaCDC_N_F:G28881A;G28882A;G28883C	N:R203K,N:G204R,N:G212V,ORF1a:T1000I,ORF1a:T1246I,ORF1a:G3278S,ORF1a:Y3723C,ORF1a:T4090I,ORF1b:P314L,ORF1b:L1681F,ORF8:S67F,ORF8:F120L,S:D614G,S:N641S,S:Q677H	15.0	ORF8:I121-	1.0	0.0	29903.0	89596.0	PUSHER-v1.16	4.1.3	0.3.17	v0.1.10	nextclade 2.8.0
Consensus_SC2279.consensus_threshold_0.75_quality_20	Unassigned							fail	failed to map			Unable to align: low seed matching rate. Details: number of seeds: 299, number of seed matches: 45, matching rate: 0.151, required matching rate: 0.300																				PUSHER-v1.16	4.1.3	0.3.17	v0.1.10	nextclade 2.8.0
Consensus_SC2280.consensus_threshold_0.75_quality_20	B.1.438.1	0.0		Usher placements: B.1.438.1(1/1)				pass	Ambiguous_content:0.02	20C	good		18.0	0.0	0.0	71.0	0.0	1.0	C241T,C920T,A1154G,C3037T,T3568C,C8152T,C10702T,A12121G,C14408T,C18877T,A23403G,G23587T,G25563T,G25677T,C26681T,A28272G,G28975T,G29474T			1-3,323,29837-29903		ChinaCDC_N_R:G28975T	N:M234I,N:D401Y,ORF1a:M297V,ORF1b:P314L,ORF3a:Q57H,ORF3a:L95F,S:D614G,S:Q675H	8.0		0.0	0.0	29903.0	89637.0	PUSHER-v1.16	4.1.3	0.3.17	v0.1.10	nextclade 2.8.0
Consensus_SC2281.consensus_threshold_0.75_quality_20	B.1.36.18	0.0		Usher placements: B.1.36.18(1/1)				pass	Ambiguous_content:0.02	20C	good		24.0	0.0	0.0	67.0	0.0	1.0	C241T,T1947C,C3037T,C4099T,T4771A,A4889G,C6285G,T6769C,G8027T,C14408T,G15438T,C17977T,C18877T,C18981T,G21785C,C22444T,A23403G,C25487T,G25563T,C26735T,C28093T,C28854T,C29555T,A29752G			29837-29903		Charité_RdRp_F:G15438T	N:S194L,ORF1a:V561A,ORF1a:T1542A,ORF1a:T2007S,ORF1a:V2588F,ORF1b:P314L,ORF1b:M657I,ORF1b:L1504F,ORF3a:T32I,ORF3a:Q57H,ORF8:S67F,S:G75R,S:D614G	13.0		0.0	0.0	29903.0	89613.0	PUSHER-v1.16	4.1.3	0.3.17	v0.1.10	nextclade 2.8.0
Consensus_SC2282.consensus_threshold_0.75_quality_20	B.1.564.1	0.0		Usher placements: B.1.564.1(1/1)				pass	Ambiguous_content:0.02	20C	good		19.0	0.0	0.0	61.0	1.0	1.0	C241T,C1059T,C3037T,G3410T,C3773T,A7330G,T10084C,T14191C,C14408T,C16173T,C16260T,A23403G,A24253T,C24734T,G24781T,G25563T,G27366T,A28402G,C28821A			1-12,323,29856-29903	Y:24237	Charité_N_R:C28821A	N:S183Y,ORF1a:T265I,ORF1a:A1049S,ORF1a:R1170C,ORF1b:P314L,ORF3a:Q57H,ORF6:E55D,ORF9b:K40R,S:D614G,S:H1058Y,S:K1073N	11.0		0.0	0.0	29903.0	89633.0	PUSHER-v1.16	4.1.3	0.3.17	v0.1.10	nextclade 2.8.0
Consensus_SC2283.consensus_threshold_0.75_quality_20	C.36.1	0.0		Usher placements: C.36.1(1/1)				pass	Ambiguous_content:0.02	20D	mediocre		25.0	0.0	0.0	50.0	1.0	3.0	C241T,C3037T,C4002T,G10097A,A11433G,C12534T,C13536T,C14408T,C17010T,C18508T,C19524T,G20718A,A23403G,A23484G,G23593T,C23731T,C26894T,C28093T,C28253T,G28628T,C28846T,G28881A,G28882A,G28883C,G28908T			1-2,29856-29903	Y:10449	ChinaCDC_N_F:G28881A;G28882A;G28883C	N:A119S,N:R203K,N:G204R,N:G212V,ORF1a:T1246I,ORF1a:G3278S,ORF1a:Y3723C,ORF1a:T4090I,ORF1b:P314L,ORF1b:L1681F,ORF1b:M2417I,ORF8:S67F,S:D614G,S:N641S,S:Q677H	15.0		0.0	0.0	29903.0	89609.0	PUSHER-v1.16	4.1.3	0.3.17	v0.1.10	nextclade 2.8.0
Consensus_SC2284.consensus_threshold_0.75_quality_20	B.1.36.18	0.0		Assigned from designation hash.				pass	Ambiguous_content:0.02	20C	good		22.0	0.0	0.0	51.0	0.0	1.0	C241T,T1947C,C3037T,C4099T,T4771A,T6769C,G8027T,C14408T,G15438T,C17977T,C18877T,C18981T,G21785C,C22444T,A23403G,C25487T,G25563T,C26735T,G28027T,C28093T,C28854T,C29555T			1-3,29856-29903		Charité_RdRp_F:G15438T	N:S194L,ORF1a:V561A,ORF1a:V2588F,ORF1b:P314L,ORF1b:M657I,ORF1b:L1504F,ORF3a:T32I,ORF3a:Q57H,ORF8:W45L,ORF8:S67F,S:G75R,S:D614G	12.0		0.0	0.0	29903.0	89621.0	PANGO-v1.16	4.1.3	0.3.17	v0.1.10	nextclade 2.8.0
Consensus_SC2285.consensus_threshold_0.75_quality_20	B.1.36.18	0.0		Usher placements: B.1.36.18(2/2)				pass	Ambiguous_content:0.12	20C	bad		26.0	1.0	2.0	3643.0	13.0	1.0	C841A,T1947C,C2110T,C3037T,C3140T,A6731G,G8027T,A8968G,G12080A,C14408T,G15380T,G15438T,C18877T,C18981T,C20812T,G21785C,C21928T,C22444T,A23403G,G24893C,C25207T,G25563T,C26735T,C28093T,C28854T,C29555T	24073	24565:T,24898:C	1-29,77-342,631-632,1598,1624-1890,2305,7093-7332,8321-8410,8500-8619,8636-8913,9246-9555,9586-9806,10045-10046,10738-11022,13379-13439,13561-13598,13643-13646,17739-17993,19351,19592-19866,19912-20200,20830-20831,21377,21428-21551,22905-23144,24899,25588,28476,29666-29903	K:1406,Y:3981,K:10446,S:12710,K:14866,Y:15929,Y:16304,Y:22747,M:24566,M:25357,K:26020,Y:28196,K:29543	Charité_RdRp_F:G15438T	N:S194L,ORF1a:V561A,ORF1a:P959S,ORF1a:I2156V,ORF1a:V2588F,ORF1a:A3939T,ORF1b:P314L,ORF1b:S638I,ORF1b:M657I,ORF1b:Q2449*,ORF3a:Q57H,ORF8:S67F,S:G75R,S:D614G,S:E1111Q	15.0		0.0	0.0	29903.0	89580.0	PUSHER-v1.16	4.1.3	0.3.17	v0.1.10	nextclade 2.8.0
Consensus_SC2286.consensus_threshold_0.75_quality_20	B.1.2	0.0		Usher placements: B.1.2(1/1)				pass	Ambiguous_content:0.03	20G	mediocre		25.0	0.0	0.0	362.0	2.0	0.0	C241T,C1059T,C3037T,C4551T,G4960T,C5467T,G8083A,C10319T,G11417T,C14408T,T14551C,C14805T,C17822T,A18424G,C19512T,C21304T,A23403G,T23599G,G25563T,C25609A,G25907T,C27005T,C27964T,C28472T,C28869T			1-29,323,10766-10795,22905-23121,23125,27564-27580,29837-29903	W:10999,W:22904		N:P67S,N:P199L,ORF1a:T265I,ORF1a:T1429I,ORF1a:M2606I,ORF1a:L3352F,ORF1a:V3718F,ORF1b:P314L,ORF1b:P1452L,ORF1b:N1653D,ORF1b:R2613C,ORF3a:Q57H,ORF3a:L73I,ORF3a:G172V,ORF8:S24L,S:D614G,S:N679K	17.0		0.0	0.0	29903.0	89609.0	PUSHER-v1.16	4.1.3	0.3.17	v0.1.10	nextclade 2.8.0
Consensus_SC2287.consensus_threshold_0.75_quality_20	B.1.36.38	0.0		Usher placements: B.1.36.38(1/1)				pass	Ambiguous_content:0.02	20C	good		22.0	0.0	0.0	38.0	1.0	0.0	C21T,C241T,T586C,T1947C,C3037T,C5869T,C7006T,A8348G,A9925G,C12241T,C14408T,C16332T,C16376T,C18395T,C18877T,C22444T,G22918T,A23403G,G25563T,C26060T,C26735T,C28854T			1-2,29868-29903	W:29867		N:S194L,ORF1a:V561A,ORF1a:S2695G,ORF1b:P314L,ORF1b:P970L,ORF1b:A1643V,ORF3a:Q57H,ORF3a:T223I,S:D614G	9.0		0.0	0.0	29903.0	89621.0	PUSHER-v1.16	4.1.3	0.3.17	v0.1.10	nextclade 2.8.0
Consensus_SC2288.consensus_threshold_0.75_quality_20	B.1.564.1	0.0		Usher placements: B.1.564.1(1/1)				pass	Ambiguous_content:0.02	20C	good		14.0	0.0	0.0	38.0	1.0	1.0	C241T,C1059T,C3037T,C3773T,T10084C,T14191C,C14408T,C16173T,C16260T,A23403G,A24253T,G25563T,C26681T,C28821A			1-2,29868-29903	Y:18167	Charité_N_R:C28821A	N:S183Y,ORF1a:T265I,ORF1a:R1170C,ORF1b:P314L,ORF3a:Q57H,S:D614G	6.0		0.0	0.0	29903.0	89653.0	PUSHER-v1.16	4.1.3	0.3.17	v0.1.10	nextclade 2.8.0
Consensus_SC2289.consensus_threshold_0.75_quality_20	AM.4	0.0		Usher placements: AM.4(1/1)				pass	Ambiguous_content:0.02	20B	good		24.0	0.0	0.0	97.0	0.0	6.0	C241T,C643T,G2659T,C3037T,C3241T,C5284T,C5884T,C11967T,T14171C,C14408T,C16394T,A16482C,C21952T,A23403G,C23635T,C26060T,C26826T,G26842A,C27434T,G28881A,G28882A,G28883C,G28884T,C29200T			1-30,29837-29903		ChinaCDC_N_F:G28881A;G28882A;G28883C;G28884T,USCDC_N2_P:C29200T,Pasteur_IP4_R:T14171C	M:R107H,N:R203K,N:G204L,ORF1a:K798N,ORF1a:A3901V,ORF1b:I235T,ORF1b:P314L,ORF1b:P976L,ORF3a:T223I,ORF7a:T14I,S:D614G	11.0		0.0	0.0	29903.0	89613.0	PUSHER-v1.16	4.1.3	0.3.17	v0.1.10	nextclade 2.8.0
Consensus_SC2290.consensus_threshold_0.75_quality_20	Unassigned							fail	failed to map	19A	bad		0.0	0.0	0.0	29418.0	2.0	0.0				1-1867,1897-2882,2906-4635,4659-5227,5260-7034,7060-7303,7332-7389,7417-7625,7652-9834,9860-10146,10175-11669,11696-13029,13031-13150,13232-13306,13344-18252,18276-20867,20892-29667,29695-29903	S:1868,R:2905			0.0		0.0	0.0	29903.0	89709.0	PUSHER-v1.16	4.1.3	0.3.17	v0.1.10	nextclade 2.8.0
Consensus_SC2292.consensus_threshold_0.75_quality_20	B.1.36.18	0.0		Usher placements: B.1.36.18(1/1)				pass	Ambiguous_content:0.02	20C	good		23.0	0.0	0.0	97.0	0.0	1.0	C241T,T1947C,C3037T,C4099T,T4771A,T6769C,G8027T,C14408T,G15438T,C17977T,C18877T,C18981T,G21785C,C22444T,A23403G,G24816C,C25487T,G25563T,C25669T,C26735T,C28093T,C28854T,C29555T			1-29,323,29837-29903		Charité_RdRp_F:G15438T	N:S194L,ORF1a:V561A,ORF1a:V2588F,ORF1b:P314L,ORF1b:M657I,ORF1b:L1504F,ORF3a:T32I,ORF3a:Q57H,ORF3a:H93Y,ORF8:S67F,S:G75R,S:D614G,S:G1085A	13.0		0.0	0.0	29903.0	89617.0	PUSHER-v1.16	4.1.3	0.3.17	v0.1.10	nextclade 2.8.0
Consensus_SC2293.consensus_threshold_0.75_quality_20	B.1.2	0.0		Usher placements: B.1.2(1/1)				pass	Ambiguous_content:0.02	20G	good		22.0	0.0	0.0	80.0	0.0	1.0	C241T,C1059T,C2485T,C3037T,C4832T,C7113T,C10319T,C14408T,A18424G,G21004T,C21234T,C21304T,A21390G,A23403G,G25563T,G25907T,C26688T,C27964T,G28116A,C28472T,G28817T,C28869T			1-12,323,29837-29903		Charité_N_R:G28817T	N:P67S,N:A182S,N:P199L,ORF1a:T265I,ORF1a:T2283I,ORF1a:L3352F,ORF1b:P314L,ORF1b:N1653D,ORF1b:A2513S,ORF1b:R2613C,ORF3a:Q57H,ORF3a:G172V,ORF8:S24L,ORF8:D75N,S:D614G	15.0		0.0	0.0	29903.0	89621.0	PUSHER-v1.16	4.1.3	0.3.17	v0.1.10	nextclade 2.8.0
Consensus_SC2294.consensus_threshold_0.75_quality_20	AM.4	0.0		Usher placements: AM.4(1/1)				pass	Ambiguous_content:0.02	20B	mediocre		28.0	0.0	0.0	68.0	1.0	6.0	C241T,C486T,C643T,A1472G,G2659T,C3037T,C3241T,C5284T,C5884T,C6114T,T9545G,C11967T,C13551T,T14171C,C14408T,C15952T,C16101T,A16482C,C21952T,A23403G,C23635T,C26060T,C27434T,G28881A,G28882A,G28883C,G28884T,C29200T			1,29837-29903	R:26842	ChinaCDC_N_F:G28881A;G28882A;G28883C;G28884T,USCDC_N2_P:C29200T,Pasteur_IP4_R:T14171C	N:R203K,N:G204L,ORF1a:S74L,ORF1a:T403A,ORF1a:K798N,ORF1a:P1950L,ORF1a:L3094V,ORF1a:A3901V,ORF1b:I235T,ORF1b:P314L,ORF3a:T223I,ORF7a:T14I,S:D614G	13.0		0.0	0.0	29903.0	89597.0	PUSHER-v1.16	4.1.3	0.3.17	v0.1.10	nextclade 2.8.0
Consensus_SC2295.consensus_threshold_0.75_quality_20	C.36.1	0.0		Usher placements: C.36.1(2/2)				pass	Ambiguous_content:0.02	20D	bad		29.0	1.0	0.0	96.0	1.0	4.0	C241T,C3020T,C3037T,C4002T,G10097A,G11083T,A11433G,C12534T,C13536T,C14408T,C17010T,C17795T,C18508T,C19524T,C19602T,A23403G,A23484G,G23593T,C23731T,C28093T,C28253T,A28254C,G28628T,C28846T,G28881A,G28882A,G28883C,G28908T,C29200T	323		1-29,29837-29903	Y:26768	ChinaCDC_N_F:G28881A;G28882A;G28883C,USCDC_N2_P:C29200T	N:A119S,N:R203K,N:G204R,N:G212V,ORF1b:P314L,ORF1b:A1443V,ORF1b:L1681F,ORF8:S67F,ORF8:I121L,S:D614G,S:N641S,S:Q677H	12.0	ORF1a:V20-	1.0	0.0	29903.0	89583.0	PUSHER-v1.16	4.1.3	0.3.17	v0.1.10	nextclade 2.8.0
Consensus_SC2296.consensus_threshold_0.75_quality_20	B.1.564.1	0.0		Usher placements: B.1.564.1(1/1)				pass	Ambiguous_content:0.02	20C	good		18.0	0.0	0.0	70.0	0.0	1.0	C241T,C1059T,A2500C,C3037T,C3773T,T10084C,T14148C,T14191C,C14408T,C16173T,C16260T,A20059G,A23403G,A23523G,A24253T,G25563T,C28821A,G29737T			1-2,323,29837-29903		Charité_N_R:C28821A	N:S183Y,ORF1a:T265I,ORF1a:E745D,ORF1a:R1170C,ORF1b:P314L,ORF1b:S2198G,ORF3a:Q57H,S:D614G,S:E654G	9.0		0.0	0.0	29903.0	89637.0	PUSHER-v1.16	4.1.3	0.3.17	v0.1.10	nextclade 2.8.0
Consensus_SC2297.consensus_threshold_0.75_quality_20	A.23.1	0.0		Usher placements: A.23.1(1/1)	A.23.1-like	0.83	0.17	pass	Ambiguous_content:0.03	19B	good		22.0	9.0	0.0	457.0	1.0	1.0	C1549T,C4573T,C8782T,G11230T,G11266T,G11521T,C16575T,C17745T,C20703T,C22000T,C22033A,G22661T,G23401T,C23604G,T24097C,T28144C,G28167A,C28348T,G28378C,G28878A,A29412T,G29742A	686-694		1-29,78-182,282-319,323,22906-23121,23125,29837-29903	Y:10747	USCDC_N1_R:C28348T	N:S202N,N:Q380L,ORF1a:M3655I,ORF1a:L3667F,ORF1a:M3752I,ORF8:L84S,ORF8:E92K,ORF9b:A22V,ORF9b:R32P,S:F157L,S:V367F,S:Q613H,S:P681R	13.0	ORF1a:K141-,ORF1a:S142-,ORF1a:F143-	3.0	0.0	29903.0	89587.0	PUSHER-v1.16	4.1.3	0.3.17	v0.1.10	nextclade 2.8.0
Consensus_SC2298.consensus_threshold_0.75_quality_20	B.1.2	0.0		Usher placements: B.1.2(1/1)				pass	Ambiguous_content:0.02	20G	good		19.0	0.0	0.0	79.0	0.0	1.0	C241T,C1059T,C3037T,C3604T,C10319T,C14408T,T16659G,A18424G,G18859T,C19269T,T19590C,C21304T,A23403G,G25563T,G25907T,C27964T,C28472T,C28869T,C29585T			1-11,323,29837-29903		HKU_ORF_P:G18859T	N:P67S,N:P199L,ORF1a:T265I,ORF1a:L3352F,ORF1b:P314L,ORF1b:N1653D,ORF1b:A1798S,ORF1b:R2613C,ORF3a:Q57H,ORF3a:G172V,ORF8:S24L,S:D614G	12.0		0.0	0.0	29903.0	89633.0	PUSHER-v1.16	4.1.3	0.3.17	v0.1.10	nextclade 2.8.0
Consensus_SC2299.consensus_threshold_0.75_quality_20	B.1.1.1	0.0		Usher placements: B.1.1.1(1/1)				pass	Ambiguous_content:0.02	20D	good		26.0	7.0	0.0	67.0	0.0	5.0	C241T,G2894A,C3037T,C4002T,G4255A,A4731T,G9257A,G9479T,G10097A,C11868T,C13536T,C14408T,G15372A,C17285T,G19816T,C21952T,A23403G,C23731T,G27670C,G27827T,T28693C,G28881A,G28882A,G28883C,C28893T,C29409T	27616-27622		29837-29903		ChinaCDC_N_F:G28881A;G28882A;G28883C;C28893T,USCDC_N3_F:T28693C	N:R203K,N:G204R,N:P207L,N:T379I,ORF1a:D877N,ORF1a:T1246I,ORF1a:Y1489F,ORF1a:V2998I,ORF1a:G3072C,ORF1a:G3278S,ORF1a:T3868I,ORF1b:P314L,ORF1b:S1273L,ORF1b:V2117L,ORF7b:M24I,S:D614G	16.0	ORF7a:Y75-,ORF7a:Q76-,ORF7a:L77-	3.0	0.0	29903.0	89577.0	PUSHER-v1.16	4.1.3	0.3.17	v0.1.10	nextclade 2.8.0
Consensus_SC2300.consensus_threshold_0.75_quality_20	B.1.564.1	0.0		Assigned from designation hash.				pass	Ambiguous_content:0.02	20C	good		14.0	0.0	0.0	70.0	0.0	1.0	C241T,C1059T,C3037T,C3773T,T10084C,T14191C,C14408T,C16173T,C16260T,A23403G,A24253T,G25563T,C26681T,C28821A			1-3,29837-29903		Charité_N_R:C28821A	N:S183Y,ORF1a:T265I,ORF1a:R1170C,ORF1b:P314L,ORF3a:Q57H,S:D614G	6.0		0.0	0.0	29903.0	89653.0	PANGO-v1.16	4.1.3	0.3.17	v0.1.10	nextclade 2.8.0
