sample	run_name	num_consensus_snvs	num_consensus_n	num_consensus_iupac	num_variants_snvs	num_variants_indel	num_variants_indel_triplet	mean_sequencing_depth	median_sequencing_depth	qpcr_ct	collection_date	num_weeks	scaled_variants_snvs	genome_completeness	qc_pass	lineage	lineage_notes	scorpio_call	watch_mutations
E10	PRJNA689621_subset-input_results_dir	11	96	1	12	0	0	9619.0	9168	NA	NA	NA	NA	0.9968	PASS	B.1	none		none
E11	PRJNA689621_subset-input_results_dir	11	382	2	13	0	0	8243.7	5107	NA	NA	NA	NA	0.9872	PASS	B.1	none		none
E12	PRJNA689621_subset-input_results_dir	10	97	0	10	0	0	10243.7	9115	NA	NA	NA	NA	0.9968	PASS	B.1	none		none
E13	PRJNA689621_subset-input_results_dir	6	79	1	7	0	0	9518.7	9366	NA	NA	NA	NA	0.9974	PASS	B.1.147	none		none
E14	PRJNA689621_subset-input_results_dir	11	79	0	11	0	0	8944.7	8124	NA	NA	NA	NA	0.9974	PASS	B.1.147	none		none
E15	PRJNA689621_subset-input_results_dir	10	97	0	10	0	0	4581.4	4527	NA	NA	NA	NA	0.9968	PASS	B.1.147	none		none
E16	PRJNA689621_subset-input_results_dir	11	92	0	11	0	0	5330.9	5030	NA	NA	NA	NA	0.9969	PASS	B.1.147	none		none
E18	PRJNA689621_subset-input_results_dir	8	97	0	8	0	0	6674.7	6368	NA	NA	NA	NA	0.9968	PASS	B.1.147	none		none
E19	PRJNA689621_subset-input_results_dir	8	372	1	9	0	0	7518.7	5493	NA	NA	NA	NA	0.9876	PASS	B.1.147	none		none
E20	PRJNA689621_subset-input_results_dir	9	70	0	9	0	0	9933.4	9314	NA	NA	NA	NA	0.9977	PASS	B.1.147	none		none
E22	PRJNA689621_subset-input_results_dir	6	351	3	9	0	0	5581.4	3506	NA	NA	NA	NA	0.9883	PASS	B.1.147	none		none
E24	PRJNA689621_subset-input_results_dir	9	97	0	9	0	0	9845.6	9362	NA	NA	NA	NA	0.9968	PASS	B.1.147	none		none
E26	PRJNA689621_subset-input_results_dir	11	97	0	11	0	0	10458.0	10028	NA	NA	NA	NA	0.9968	PASS	B.1	none		none
E28	PRJNA689621_subset-input_results_dir	12	97	0	12	0	0	5278.0	4885	NA	NA	NA	NA	0.9968	PASS	B.1.147	none		none
E29	PRJNA689621_subset-input_results_dir	9	97	0	9	0	0	8183.3	7573	NA	NA	NA	NA	0.9968	PASS	B.1	none		none
E3	PRJNA689621_subset-input_results_dir	10	661	1	11	0	0	5091.6	3717	NA	NA	NA	NA	0.9779	PASS	B.1.147	none		none
E30	PRJNA689621_subset-input_results_dir	12	97	0	12	0	0	5026.1	4778	NA	NA	NA	NA	0.9968	PASS	B.1.147	none		none
E31	PRJNA689621_subset-input_results_dir	13	69	1	14	0	0	6442.8	5867	NA	NA	NA	NA	0.9977	PASS	B.1	none		none
E33	PRJNA689621_subset-input_results_dir	11	105	0	11	0	0	5687.5	4389	NA	NA	NA	NA	0.9965	PASS	B.1	none		none
E34	PRJNA689621_subset-input_results_dir	11	96	0	11	0	0	7419.0	6648	NA	NA	NA	NA	0.9968	PASS	B.1.147	none		none
E35	PRJNA689621_subset-input_results_dir	15	646	2	17	0	0	5232.6	3978	NA	NA	NA	NA	0.9784	PASS	B.1.147	none		none
E36	PRJNA689621_subset-input_results_dir	13	97	0	13	0	0	4345.7	4099	NA	NA	NA	NA	0.9968	PASS	B.1	none		none
E37	PRJNA689621_subset-input_results_dir	10	97	1	11	0	0	10659.4	9947	NA	NA	NA	NA	0.9968	PASS	B.1.147	none		none
E39	PRJNA689621_subset-input_results_dir	15	83	0	12	1	0	17077.6	16396	NA	NA	NA	NA	0.9972	PASS	B.1.1.1	none		none
E40	PRJNA689621_subset-input_results_dir	14	120	1	15	0	0	14545.4	13589	NA	NA	NA	NA	0.996	PASS	B.1	none		none
E41	PRJNA689621_subset-input_results_dir	11	398	2	13	0	0	13156.8	8587	NA	NA	NA	NA	0.9867	PASS	B.1.147	none		none
E46	PRJNA689621_subset-input_results_dir	13	344	2	15	1	1	15321.8	12005	NA	NA	NA	NA	0.9885	PASS	B.1	none		none
E47	PRJNA689621_subset-input_results_dir	11	97	0	11	0	0	15628.5	14901	NA	NA	NA	NA	0.9968	PASS	B.1.147	none		none
E50	PRJNA689621_subset-input_results_dir	11	97	1	12	0	0	14804.6	12558	NA	NA	NA	NA	0.9968	PASS	B.1.147	none		none
E51	PRJNA689621_subset-input_results_dir	11	207	4	15	0	0	13905.7	12934	NA	NA	NA	NA	0.9931	PASS	B.1	none		none
E52	PRJNA689621_subset-input_results_dir	9	737	3	11	1	0	11585.7	7137	NA	NA	NA	NA	0.9754	PASS	B.1.147	none		none
E53	PRJNA689621_subset-input_results_dir	12	202	2	14	0	0	12212.0	10576	NA	NA	NA	NA	0.9932	PASS	B.1.147	none		none
E55	PRJNA689621_subset-input_results_dir	17	160	1	15	1	0	9687.6	8932	NA	NA	NA	NA	0.9946	PASS	B.1.1.176	none		none
E57	PRJNA689621_subset-input_results_dir	12	422	2	14	0	0	10756.1	8843	NA	NA	NA	NA	0.9859	PASS	B.1	none		none
E58	PRJNA689621_subset-input_results_dir	8	339	1	9	0	0	11393.8	9371	NA	NA	NA	NA	0.9887	PASS	B.1.147	none		none
E59	PRJNA689621_subset-input_results_dir	13	747	3	16	0	0	9870.5	6646	NA	NA	NA	NA	0.975	PASS	B.1	none		none
E6	PRJNA689621_subset-input_results_dir	10	449	0	10	0	0	5716.9	3452	NA	NA	NA	NA	0.985	PASS	B.1.147	none		none
E60	PRJNA689621_subset-input_results_dir	7	1241	2	6	1	0	9323.7	5523	NA	NA	NA	NA	0.9585	PASS	B.1.1.121	none		none
E62	PRJNA689621_subset-input_results_dir	8	179	0	5	1	0	7769.6	7386	NA	NA	NA	NA	0.994	PASS	B.1.1.121	none		none
E64	PRJNA689621_subset-input_results_dir	11	78	1	12	0	0	11913.1	11673	NA	NA	NA	NA	0.9974	PASS	B.1	none		none
E65	PRJNA689621_subset-input_results_dir	13	204	0	13	0	0	13483.6	11558	NA	NA	NA	NA	0.9932	PASS	B.1.147	none		none
E66	PRJNA689621_subset-input_results_dir	12	78	0	12	0	0	10781.5	10522	NA	NA	NA	NA	0.9974	PASS	B.1	none		none
E67	PRJNA689621_subset-input_results_dir	15	96	0	15	0	0	15326.6	14775	NA	NA	NA	NA	0.9968	PASS	B.1.147	none		none
E68	PRJNA689621_subset-input_results_dir	11	97	0	11	0	0	7729.9	7362	NA	NA	NA	NA	0.9968	PASS	B.1	none		none
E7	PRJNA689621_subset-input_results_dir	8	97	0	8	0	0	10307.6	9344	NA	NA	NA	NA	0.9968	PASS	B.1.147	none		none
E70	PRJNA689621_subset-input_results_dir	10	97	0	10	0	0	11048.5	10615	NA	NA	NA	NA	0.9968	PASS	B.1	none		none
E71	PRJNA689621_subset-input_results_dir	9	712	2	11	0	0	15895.6	11297	NA	NA	NA	NA	0.9762	PASS	B.1	none		none
E72	PRJNA689621_subset-input_results_dir	6	149	3	9	0	0	13750.7	7835	NA	NA	NA	NA	0.995	PASS	B.1	none		none
E73	PRJNA689621_subset-input_results_dir	5	302	1	6	0	0	15551.1	14068	NA	NA	NA	NA	0.9899	PASS	B.1	none		none
E74	PRJNA689621_subset-input_results_dir	8	97	0	8	0	0	8674.8	8474	NA	NA	NA	NA	0.9968	PASS	B.1.350	none		none
E75	PRJNA689621_subset-input_results_dir	8	97	0	8	0	0	14049.2	12760	NA	NA	NA	NA	0.9968	PASS	B.1.147	none		none
E76	PRJNA689621_subset-input_results_dir	7	97	0	7	0	0	8714.3	8520	NA	NA	NA	NA	0.9968	PASS	B.1.147	none		none
E77	PRJNA689621_subset-input_results_dir	10	94	0	10	0	0	23213.2	21646	NA	NA	NA	NA	0.9969	PASS	B.1.147	none		none
E78	PRJNA689621_subset-input_results_dir	13	97	1	14	0	0	12841.8	12226	NA	NA	NA	NA	0.9968	PASS	B.1	none		none
E9	PRJNA689621_subset-input_results_dir	10	96	0	10	0	0	8555.4	6951	NA	NA	NA	NA	0.9968	PASS	B.1.147	none		none
